,cafe_name,cafe_type,starring,visitor_review,blog_review,address,business_hours,phone_number,connection_site,description,menu,keyword,keyword_number,image_link
0,커피르플랑,"카페,디저트",0.0,176,30,대구 동구 동호로2길 37-22 1층,10:00에 영업 시작,053-965-5251,,,,"{'커피가 맛있어요': 100, '친절해요': 83, '인테리어가 멋져요': 77, '매장이 청결해요': 72, '음료가 맛있어요': 69, '디저트가 맛있어요': 50, '대화하기 좋아요': 39, '좌석이 편해요': 31, '뷰가 좋아요': 26, '사진이 잘 나와요': 25, '특별한 메뉴가 있어요': 25, '화장실이 깨끗해요': 17, '가성비가 좋아요': 6, '집중하기 좋아요': 4, '야외 공간이 멋져요': 1, '반려동물과 가기 좋아요': 1, '매장이 넓어요': 1, '단체모임 하기 좋아요': 1, '종류가 다양해요': 1}",176,"""https://search.pstatic.net/common/?autoRotate=true&type=w560_sharpen&src=https%3A%2F%2Fldb-phinf.pstatic.net%2F20230303_33%2F1677817766969FbxYi_JPEG%2F2.jpg"""
1,리터킹 율하각산점,"카페,디저트",0.0,30,2,대구 동구 동호로5길 5 1층 110호,08:30에 영업 시작,0507-1856-7938,,,,"{'가성비가 좋아요': 13, '음료가 맛있어요': 11, '커피가 맛있어요': 9, '친절해요': 7, '디저트가 맛있어요': 6, '특별한 메뉴가 있어요': 4, '매장이 청결해요': 1}",27,"""https://search.pstatic.net/common/?autoRotate=true&type=w560_sharpen&src=https%3A%2F%2Fldb-phinf.pstatic.net%2F20221106_29%2F1667733565700CRYpe_JPEG%2F20221005_081716.jpg"""
2,프라우송 본점,베이커리,4.57,411,135,대구 동구 안심로90길 12,08:00에 영업 시작,0507-1376-5415,,,,"{'빵이 맛있어요': 182, '특별한 메뉴가 있어요': 114, '친절해요': 101, '커피가 맛있어요': 77, '인테리어가 멋져요': 48, '매장이 청결해요': 47, '음료가 맛있어요': 37, '주차하기 편해요': 23, '대화하기 좋아요': 20, '가성비가 좋아요': 15, '사진이 잘 나와요': 10, '뷰가 좋아요': 7, '화장실이 깨끗해요': 6, '좌석이 편해요': 5, '디저트가 맛있어요': 5, '집중하기 좋아요': 5, '재료가 신선해요': 2, '비싼 만큼 가치있어요': 2, '음식이 맛있어요': 1}",294,"""https://search.pstatic.net/common/?autoRotate=true&type=w560_sharpen&src=https%3A%2F%2Fldb-phinf.pstatic.net%2F20230310_74%2F1678450497642WQJKP_JPEG%2FKakaoTalk_Photo_2023-03-10-21-12-51-1.jpeg"""
3,빅핸즈 본점,"카페,디저트",4.53,553,116,대구 동구 동호로9길 65 1층,08:00에 영업 시작,070-4837-5501,,,,"{'커피가 맛있어요': 239, '매장이 청결해요': 136, '친절해요': 127, '음료가 맛있어요': 117, '인테리어가 멋져요': 108, '대화하기 좋아요': 94, '디저트가 맛있어요': 77, '화장실이 깨끗해요': 47, '집중하기 좋아요': 45, '가성비가 좋아요': 44, '사진이 잘 나와요': 36, '좌석이 편해요': 35, '특별한 메뉴가 있어요': 20, '뷰가 좋아요': 14, '아늑해요': 2, '주차하기 편해요': 2, '매장이 넓어요': 2, '차분한 분위기에요': 1, '빵이 맛있어요': 1, '음식이 빨리 나와요': 1, '메뉴 구성이 알차요': 1, '오래 머무르기 좋아요': 1}",353,"""https://search.pstatic.net/common/?autoRotate=true&type=w560_sharpen&src=https%3A%2F%2Fldb-phinf.pstatic.net%2F20230209_29%2F1675917164898KJGdI_JPEG%2FKakaoTalk_20230209_132145546_06.jpg"""
4,카페누 대구혁신도시점,"카페,디저트",0.0,198,32,대구 동구 동내로 34 카페 누,08:00에 영업 시작,053-962-7150,,,,"{'커피가 맛있어요': 125, '친절해요': 89, '매장이 청결해요': 75, '디저트가 맛있어요': 70, '음료가 맛있어요': 67, '주차하기 편해요': 60, '빵이 맛있어요': 48, '대화하기 좋아요': 42, '인테리어가 멋져요': 39, '좌석이 편해요': 34, '뷰가 좋아요': 30, '화장실이 깨끗해요': 22, '특별한 메뉴가 있어요': 16, '집중하기 좋아요': 12, '가성비가 좋아요': 11, '사진이 잘 나와요': 10, '매장이 넓어요': 4, '단체모임 하기 좋아요': 2, '음악이 좋아요': 1, '건강한 맛이에요': 1}",194,"""https://search.pstatic.net/common/?autoRotate=true&type=w560_sharpen&src=https%3A%2F%2Fldb-phinf.pstatic.net%2F20230509_139%2F1683617284049idWK1_JPEG%2F20230325_170144.jpg"""
5,안심제과,"카페,디저트",4.8,80,17,대구 동구 동호로9길 60 1층,12:00에 영업 시작,010-9965-7402,,,,"{'디저트가 맛있어요': 58, '친절해요': 33, '특별한 메뉴가 있어요': 22, '매장이 청결해요': 17, '가성비가 좋아요': 9, '인테리어가 멋져요': 7, '대화하기 좋아요': 4, '커피가 맛있어요': 2, '음료가 맛있어요': 1, '사진이 잘 나와요': 1, '뷰가 좋아요': 1}",71,"""https://search.pstatic.net/common/?autoRotate=true&type=w560_sharpen&src=https%3A%2F%2Fldb-phinf.pstatic.net%2F20231020_134%2F1697767777046AIk6C_JPEG%2FEAB4B2E4-D911-4B5C-9CC8-6A73559A313D.jpeg"""
6,그라노커피,"카페,디저트",0.0,23,1,"대구 동구 안심로90길 29 1층 101호, 201호",09:30에 영업 시작,053-962-2003,,,,"{'커피가 맛있어요': 16, '디저트가 맛있어요': 11, '대화하기 좋아요': 11, '매장이 청결해요': 9, '음료가 맛있어요': 8, '친절해요': 7, '사진이 잘 나와요': 4, '집중하기 좋아요': 4, '인테리어가 멋져요': 3, '좌석이 편해요': 1, '메뉴 구성이 알차요': 1, '가성비가 좋아요': 1, '특별한 메뉴가 있어요': 1, '화장실이 깨끗해요': 1, '뷰가 좋아요': 1}",23,"""https://search.pstatic.net/common/?autoRotate=true&type=w560_sharpen&src=https%3A%2F%2Fldb-phinf.pstatic.net%2F20230927_288%2F1695817032780hfOmD_JPEG%2Ftemp_file.jpg"""
7,달라 크레페,크레페,0.0,40,2,대구 동구 반야월로 406 1층,12:00에 영업 시작,010-2162-6223,,,,"{'디저트가 맛있어요': 36, '친절해요': 28, '매장이 청결해요': 14, '인테리어가 멋져요': 9, '특별한 메뉴가 있어요': 9, '좌석이 편해요': 7, '차분한 분위기에요': 3, '양이 많아요': 3, '메뉴 구성이 알차요': 3, '사진이 잘 나와요': 3, '가성비가 좋아요': 3, '뷰가 좋아요': 3, '아늑해요': 2, '음식이 맛있어요': 2, '재료가 신선해요': 2, '음료가 맛있어요': 1, '음식이 빨리 나와요': 1, '주차하기 편해요': 1, '집중하기 좋아요': 1}",40,"""https://search.pstatic.net/common/?autoRotate=true&type=w560_sharpen&src=https%3A%2F%2Fldb-phinf.pstatic.net%2F20231105_156%2F1699187205406Djwzw_JPEG%2F20231105_183615.jpg"""
8,해피디저트데이,"카페,디저트",0.0,17,1,대구 동구 동호로9길 28 1층,11:00에 영업 시작,070-8680-9200,,,,"{'디저트가 맛있어요': 13, '친절해요': 9, '인테리어가 멋져요': 7, '커피가 맛있어요': 6, '음료가 맛있어요': 5, '특별한 메뉴가 있어요': 4, '사진이 잘 나와요': 3, '가성비가 좋아요': 3, '매장이 청결해요': 2, '아늑해요': 1, '음식이 맛있어요': 1, '선물하기 좋아요': 1, '음악이 좋아요': 1, '오래 머무르기 좋아요': 1, '대화하기 좋아요': 1}",16,"""https://search.pstatic.net/common/?autoRotate=true&type=w560_sharpen&src=https%3A%2F%2Fldb-phinf.pstatic.net%2F20230830_90%2F16933476602851ITWJ_JPEG%2Fphoto-output.jpeg"""
9,yum dessert,베이커리,4.61,99,20,대구 동구 동호로11길 22 1층,14:30에 영업 시작,010-9388-9996,,,,"{'친절해요': 27, '빵이 맛있어요': 20, '특별한 메뉴가 있어요': 17, '매장이 청결해요': 7, '음료가 맛있어요': 5, '인테리어가 멋져요': 5, '가성비가 좋아요': 5, '디저트가 맛있어요': 2, '컨셉이 독특해요': 1, '메뉴 구성이 알차요': 1, '사진이 잘 나와요': 1, '매장이 넓어요': 1, '화장실이 깨끗해요': 1, '뷰가 좋아요': 1}",51,"""https://search.pstatic.net/common/?autoRotate=true&type=w560_sharpen&src=https%3A%2F%2Fldb-phinf.pstatic.net%2F20180417_265%2F1523943006670prgJj_JPEG%2F6wsL4xC-SmVyO1Okj3L808yZ.JPG.jpg"""
10,상큼한남자들,"카페,디저트",0.0,20,10,대구 동구 동호로 165-1,11:00에 영업 시작,010-9054-4222,,,,"{'친절해요': 12, '매장이 청결해요': 4, '음료가 맛있어요': 3, '커피가 맛있어요': 2, '가성비가 좋아요': 2, '대화하기 좋아요': 2, '디저트가 맛있어요': 1, '인테리어가 멋져요': 1, '사진이 잘 나와요': 1, '집중하기 좋아요': 1, '뷰가 좋아요': 1}",20,
11,멘토즈스터디카페 대구안심점,장소대여,4.54,104,19,대구 동구 안심로 438 2~5층 멘토즈스터디카페 대구안심점,9.11.월,053-961-5588,,"안녕하세요 :)
저희 멘토즈 대구 안심점을 찾아주신 여러분께 감사의 말씀 드립니다. 멘토즈 안심점은 독서실 / 스터디카페 / 북카페 모두 함께 운영중 입니다!

※ 주차는 건물 뒷편에
매장 이용시간에 한하여 이용 가능

※ 카카오톡 채널: [ 멘토즈 안심점 ]
https://pf.kakao.com/_pxeklxb

2F 북카페 : 10:00 ~ 22:00
( 매월(금요일기준) 2, 4번째 금요일 북카페 휴무 )
3F 스터디카페 : 08:00 ~ 익일 02:00
4 - 5F 독서실 : 09:00 ~ 익일 02:00

'멘토즈 대구안심점'은
2층 북카페, 3층 스터디카페, 4-5층 남/녀 구분된 프리미엄 독서실로 목적에 따른 총 4개층으로 구성
전국 최대 규모인 '최초의 복합문화학습공간'으로 조성되어 모든 학습자에게
프리미엄과 함께 사용자로서의 자부심을 제공합니다.

저희 멘토즈 안심점은,
안심역 2분 거리에 있지만 소음이 적고 유해시설 및 현혹시설로부터 벗어난 곳에 위치해 있으며
따로 청소인력을 고용하여 화장실 포함 시설 전체의 청결을 최상으로 유지하기 위해 노력중이며
매니저가 상주하여 지속적인 청결함 유지와 학습분위기 조성
그리고 언제든 발생할 수 있는 불편사항을 수시로 소통.점검하여 사용자분들의 니즈를 채워드리기 위해 노력하고 있습니다.

또한 전체 층에 진중하고 편안한 느낌의 조명 및 학습자분들을 고려하여 10종류의 좌석과 타 매장에서 보기 힘든 넓은 책상과 공간배치로 쾌적한 공간을 제공하며
전좌석 시디즈 의자, 백색 소음기, 공기청정기, 가습기, 디퓨저 등등 학습의 효율성과 쾌적한 환경을 위한 시설을 곳곳에 준비하였습니다.
그룹 스터디 및 회의를 위한 '컨퍼런스룸(스터디룸)' 4인 / 8인 / 12인실이 함께 준비되어 있으니 많은 이용문의 바랍니다.

2층에 위치한 북카페러리는 책(book)+카페(cafe)+라이브러리(library)의 의미로
다양한 장르의 서적 + 취향껏 골라 이용할 수 있는 좌석, 연중 행사별로 인테리어에 변화를 더해
단순한 휴게공간이 아닌 유의미한 휴식과 자기계발이 동시에 가능한 공간으로 다가가겠습니다.

스터디카페와 프리미엄 독서실을 이용하시는 분들은
2F 북카페의 음료와 더불어 덮밥, 볶음밥, 라면 등 한끼 식사를 멘토즈 공간 안에서 이용할 수 있어 굳이 밖에 나감으로 인해 소비되는 시간을 아끼실 수 있으며
시원한 얼음과 따뜻한 물을 언제든 이용할 수 있습니다.
또한 노트북존과 푸드존이 스터디카페, 독서실과는 다른 층으로 분리되어 있어 자칫 신경쓰일 수 있는 소음과 음식냄새로부터 자유롭습니다.

멘토즈 안심점의 모든 노력과 추구하는 최우선의 가치는 단 하나!
바로 !!면학 분위기 조성!! 입니다.
다른 어떤것도 '학습을 위한 공간'으로써 면학 분위기 조성이라는 가치와 목적 위에 우선할 수 없습니다.
멘토즈 안심점은 여러분이 가시는 길과 하시는 공부에 최대한 집중할 수 있는 '공간'을 제공해 드리겠습니다.

타 매장에서 접하실 수 없는 차별화된 서비스와 합리적인 가격으로 관리형 독서실에 준하는 서비스를 이용하시며
합격과 목표 달성의 순간에 닿으시기를 기원합니다.

감사합니다 :)",,"{'집중하기 좋아요': 9, '커피가 맛있어요': 6, '분위기 관리가 철저해요': 6, '차분한 분위기에요': 5, '좌석이 편해요': 4, '친절해요': 4, '요금제가 잘 되어있어요': 4, '매장이 청결해요': 4, '매장이 넓어요': 3, '화장실이 깨끗해요': 3, '인테리어가 멋져요': 2, '가성비가 좋아요': 2, '룸이 잘 되어있어요': 2, '아늑해요': 1, '오래 머무르기 좋아요': 1}",24,"""https://search.pstatic.net/common/?autoRotate=true&type=w560_sharpen&src=https%3A%2F%2Fldb-phinf.pstatic.net%2F20200121_111%2F1579595553093crFrO_JPEG%2FVHbNhLHeyw_TpkPSH4J_Hjif.jpg"""
12,카페봄봄 신서점,카페,0.0,66,0,대구 동구 동호로 161-1,,053-965-2677,,,,"{'음료가 맛있어요': 26, '가성비가 좋아요': 26, '커피가 맛있어요': 22, '친절해요': 14, '매장이 청결해요': 8, '디저트가 맛있어요': 3, '특별한 메뉴가 있어요': 3, '인테리어가 멋져요': 1, '포장이 깔끔해요': 1, '주차하기 편해요': 1, '사진이 잘 나와요': 1, '대화하기 좋아요': 1}",65,
13,레이틀리92 대구혁신도시 본점,"카페,디저트",4.45,1540,1201,대구 동구 초례로 6 레이틀리92,10:00에 영업 시작,053-965-9290,,,,"{'인테리어가 멋져요': 592, '커피가 맛있어요': 541, '디저트가 맛있어요': 470, '주차하기 편해요': 437, '매장이 청결해요': 308, '뷰가 좋아요': 298, '음료가 맛있어요': 290, '사진이 잘 나와요': 257, '친절해요': 234, '대화하기 좋아요': 164, '특별한 메뉴가 있어요': 160, '화장실이 깨끗해요': 147, '좌석이 편해요': 85, '가성비가 좋아요': 53, '집중하기 좋아요': 31, '매장이 넓어요': 18, '음식이 맛있어요': 10, '차분한 분위기에요': 2, '아이와 가기 좋아요': 2, '야외 공간이 멋져요': 2, '종류가 다양해요': 2, '재료가 신선해요': 1, '메뉴 구성이 알차요': 1, '반려동물과 가기 좋아요': 1, '특별한 날 가기 좋아요': 1}",1439,"""https://search.pstatic.net/common/?autoRotate=true&type=w560_sharpen&src=https%3A%2F%2Fldb-phinf.pstatic.net%2F20230910_38%2F1694322156355yRg1J_JPEG%2FScreenshot_20230910_140218_Gallery.jpg"""
14,히든비 카페,"카페,디저트",4.63,222,108,대구 동구 이노밸리로54길 16-4,10:00에 영업 시작,0507-1354-7515,,,,"{'커피가 맛있어요': 47, '인테리어가 멋져요': 47, '디저트가 맛있어요': 27, '친절해요': 27, '특별한 메뉴가 있어요': 19, '음료가 맛있어요': 17, '뷰가 좋아요': 13, '매장이 청결해요': 12, '음식이 맛있어요': 11, '대화하기 좋아요': 11, '사진이 잘 나와요': 10, '재료가 신선해요': 5, '가성비가 좋아요': 4, '화장실이 깨끗해요': 4, '특별한 날 가기 좋아요': 3, '집중하기 좋아요': 3, '주차하기 편해요': 2, '차분한 분위기에요': 1, '좌석이 편해요': 1, '혼밥하기 좋아요': 1, '양이 많아요': 1, '음악이 좋아요': 1}",119,"""https://search.pstatic.net/common/?autoRotate=true&type=w560_sharpen&src=https%3A%2F%2Fldb-phinf.pstatic.net%2F20181102_36%2F1541090405446UVoco_JPEG%2FNZrBNmeAIgmEmxGhd18Umvff.jpg"""
15,미미르커피,카페,4.85,190,63,대구 동구 동호로5길 5 각산상가시장 미미르커피,10:00에 영업 시작,0507-1333-1808,,,,"{'커피가 맛있어요': 115, '친절해요': 84, '음료가 맛있어요': 58, '매장이 청결해요': 44, '특별한 메뉴가 있어요': 40, '인테리어가 멋져요': 37, '디저트가 맛있어요': 25, '대화하기 좋아요': 22, '사진이 잘 나와요': 21, '집중하기 좋아요': 17, '좌석이 편해요': 12, '가성비가 좋아요': 11, '뷰가 좋아요': 2, '주차하기 편해요': 1, '화장실이 깨끗해요': 1}",150,"""https://search.pstatic.net/common/?autoRotate=true&type=w560_sharpen&src=https%3A%2F%2Fldb-phinf.pstatic.net%2F20210625_35%2F16245470576945WHrN_JPEG%2FckOWLUvMtRdO1QWbD2xMEgFx.jpeg.jpg"""
16,데어오스텐,"카페,디저트",4.85,562,84,대구 동구 이노밸리로56길 6,11:00에 영업 시작,010-2431-7283,,,,"{'디저트가 맛있어요': 97, '친절해요': 57, '커피가 맛있어요': 45, '특별한 메뉴가 있어요': 33, '매장이 청결해요': 31, '음료가 맛있어요': 28, '인테리어가 멋져요': 24, '가성비가 좋아요': 19, '사진이 잘 나와요': 14, '대화하기 좋아요': 8, '주차하기 편해요': 3, '좌석이 편해요': 2, '화장실이 깨끗해요': 2, '뷰가 좋아요': 2, '아늑해요': 1, '음악이 좋아요': 1, '집중하기 좋아요': 1}",129,"""https://search.pstatic.net/common/?autoRotate=true&type=w560_sharpen&src=https%3A%2F%2Fldb-phinf.pstatic.net%2F20220105_159%2F1641385374903xmUiP_JPEG%2F84C141B3-41BA-4BCE-A977-E3960C85F7A1.jpeg"""
17,스타벅스 대구각산역DT점,카페,4.55,3690,78,대구 동구 안심로 383,,1522-3232,,,,"{'커피가 맛있어요': 1245, '음료가 맛있어요': 598, '친절해요': 556, '디저트가 맛있어요': 407, '매장이 청결해요': 297, '대화하기 좋아요': 228, '집중하기 좋아요': 148, '주차하기 편해요': 145, '특별한 메뉴가 있어요': 145, '좌석이 편해요': 140, '화장실이 깨끗해요': 124, '인테리어가 멋져요': 118, '가성비가 좋아요': 85, '뷰가 좋아요': 59, '사진이 잘 나와요': 36, '혼밥하기 좋아요': 2, '종류가 다양해요': 2, '음식이 빨리 나와요': 1, '음식이 맛있어요': 1, '메뉴 구성이 알차요': 1, '매장이 넓어요': 1}",2454,"""https://search.pstatic.net/common/?autoRotate=true&type=w560_sharpen&src=https%3A%2F%2Fldb-phinf.pstatic.net%2F20190828_93%2F1566953601239OT9MQ_PNG%2FxX7Wv642gXMoTI0DAv0hRymS.png"""
18,토이빌리지 대구혁신점,테마파크,0.0,2574,337,대구 동구 혁신대로 468,11:00에 영업 시작,053-964-0099,,"행복한 추억을 위한 최고의 여가문화공간
실내동물원과 키즈카페를 한 곳에서 즐길 수 있는
복합놀이+체험공간 가족과 함께 즐거운 추억과 알뜰함까지!",,"{'아이와 가기 좋아요': 761, '볼거리가 많아요': 555, '주차하기 편해요': 545, '가격이 합리적이에요': 502, '체험 프로그램이 다양해요': 479, '친절해요': 228, '동물 관리가 잘 되어있어요': 227, '사진이 잘 나와요': 133, '시설이 깔끔해요': 129, '놀이기구가 다양해요': 91, '먹거리가 풍부해요': 10, '유익해요': 2, '대기시간이 짧아요': 2, '규모가 커요': 1}",1182,"""https://search.pstatic.net/common/?autoRotate=true&type=w560_sharpen&src=https%3A%2F%2Fldb-phinf.pstatic.net%2F20191108_232%2F1573189669002zkA78_JPEG%2F%25BD%25E6%25B3%25D7%25C0%25CF%2528%25C1%25A4%25BB%25E8%25B0%25A2%25C7%25FC%2529.jpg"""
19,아임붕어 본점,"카페,디저트",0.0,102,32,대구 동구 안심로73길 22 상가동 1층 103호 (신서동),08:00에 영업 시작,0507-1493-8589,,,,"{'특별한 메뉴가 있어요': 44, '디저트가 맛있어요': 42, '친절해요': 39, '음식이 맛있어요': 34, '가성비가 좋아요': 20, '매장이 청결해요': 15, '음료가 맛있어요': 9, '커피가 맛있어요': 7, '인테리어가 멋져요': 5, '재료가 신선해요': 3, '주차하기 편해요': 3, '사진이 잘 나와요': 3, '대화하기 좋아요': 3, '빵이 맛있어요': 1, '양이 많아요': 1, '메뉴 구성이 알차요': 1}",100,"""https://search.pstatic.net/common/?autoRotate=true&type=w560_sharpen&src=https%3A%2F%2Fldb-phinf.pstatic.net%2F20230304_53%2F1677898651720D79EK_PNG%2F1673423326792.png"""
20,모모제과점,베이커리,4.61,781,15,대구 동구 동호로 88 상가동104호,08:00에 영업 시작,053-965-0588,,,,"{'빵이 맛있어요': 391, '친절해요': 112, '가성비가 좋아요': 77, '특별한 메뉴가 있어요': 55, '매장이 청결해요': 55, '커피가 맛있어요': 15, '음료가 맛있어요': 13, '인테리어가 멋져요': 5, '사진이 잘 나와요': 4, '좌석이 편해요': 3, '주차하기 편해요': 2, '집중하기 좋아요': 2, '대화하기 좋아요': 2, '화장실이 깨끗해요': 2, '뷰가 좋아요': 2, '차분한 분위기에요': 1, '음식이 맛있어요': 1}",435,"""https://search.pstatic.net/common/?autoRotate=true&type=w560_sharpen&src=https%3A%2F%2Fldb-phinf.pstatic.net%2F20170124_282%2F1485243740041LEMbW_JPEG%2F186068534368473_0.jpeg"""
21,티욤핑크 반야월 D/T점,"카페,디저트",0.0,101,36,"대구 동구 안심로59길 6 A동 1, 2, 3층",07:00에 영업 시작,053-964-0905,,,,"{'커피가 맛있어요': 59, '친절해요': 37, '디저트가 맛있어요': 27, '음료가 맛있어요': 25, '인테리어가 멋져요': 23, '특별한 메뉴가 있어요': 23, '주차하기 편해요': 16, '가성비가 좋아요': 15, '매장이 청결해요': 8, '사진이 잘 나와요': 7, '화장실이 깨끗해요': 6, '음식이 맛있어요': 3, '뷰가 좋아요': 3, '음식이 빨리 나와요': 2, '포장이 깔끔해요': 2, '대화하기 좋아요': 2, '좌석이 편해요': 1, '양이 많아요': 1, '메뉴 구성이 알차요': 1, '음악이 좋아요': 1, '비싼 만큼 가치있어요': 1, '매장이 넓어요': 1, '집중하기 좋아요': 1, '건강한 맛이에요': 1, '차가 맛있어요': 1}",94,"""https://search.pstatic.net/common/?autoRotate=true&type=w560_sharpen&src=https%3A%2F%2Fldb-phinf.pstatic.net%2F20230725_2%2F1690248691883All8l_JPEG%2FIMG_2091.jpeg"""
22,더무드,"카페,디저트",4.64,258,143,대구 동구 과학로6길 32 1층,매주 금요일 휴무,010-3939-3686,,,,"{'디저트가 맛있어요': 76, '친절해요': 48, '커피가 맛있어요': 46, '음료가 맛있어요': 38, '매장이 청결해요': 35, '인테리어가 멋져요': 27, '특별한 메뉴가 있어요': 22, '대화하기 좋아요': 17, '사진이 잘 나와요': 13, '좌석이 편해요': 11, '주차하기 편해요': 8, '가성비가 좋아요': 7, '화장실이 깨끗해요': 7, '집중하기 좋아요': 5, '반려동물과 가기 좋아요': 2, '뷰가 좋아요': 2, '아이와 가기 좋아요': 1, '매장이 넓어요': 1, '종류가 다양해요': 1}",128,"""https://search.pstatic.net/common/?autoRotate=true&type=w560_sharpen&src=https%3A%2F%2Fldb-phinf.pstatic.net%2F20221002_6%2F1664677173935yk5CD_JPEG%2FA51D061A-8F09-4E3C-A881-F901237B75BD.jpeg"""
23,URY COFFEE 대구혁신본점,카페,0.0,213,68,대구 동구 첨단로8길 10 1층 110호,08:00에 영업 시작,0507-877-3799,,,,"{'커피가 맛있어요': 154, '인테리어가 멋져요': 112, '음료가 맛있어요': 98, '친절해요': 96, '가성비가 좋아요': 95, '디저트가 맛있어요': 92, '매장이 청결해요': 50, '사진이 잘 나와요': 40, '특별한 메뉴가 있어요': 40, '뷰가 좋아요': 15, '좌석이 편해요': 8, '집중하기 좋아요': 5, '대화하기 좋아요': 5, '양이 많아요': 3, '음식이 빨리 나와요': 2, '메뉴 구성이 알차요': 2, '컨셉이 독특해요': 1, '음식이 맛있어요': 1, '음악이 좋아요': 1, '야외 공간이 멋져요': 1, '주차하기 편해요': 1, '매장이 넓어요': 1, '종류가 다양해요': 1}",211,"""https://search.pstatic.net/common/?autoRotate=true&type=w560_sharpen&src=https%3A%2F%2Fldb-phinf.pstatic.net%2F20230426_162%2F1682483112848PKftL_JPEG%2F20230426_131540.jpg"""
24,스타벅스 반야월이마트점,카페,4.51,3341,55,대구 동구 안심로 389-2,10:00에 영업 시작,1522-3232,,,,"{'커피가 맛있어요': 750, '친절해요': 404, '음료가 맛있어요': 327, '주차하기 편해요': 270, '디저트가 맛있어요': 194, '매장이 청결해요': 162, '대화하기 좋아요': 71, '특별한 메뉴가 있어요': 69, '가성비가 좋아요': 40, '인테리어가 멋져요': 39, '좌석이 편해요': 37, '화장실이 깨끗해요': 36, '집중하기 좋아요': 25, '사진이 잘 나와요': 12, '뷰가 좋아요': 12, '혼밥하기 좋아요': 1, '비싼 만큼 가치있어요': 1}",1497,"""https://search.pstatic.net/common/?autoRotate=true&type=w560_sharpen&src=https%3A%2F%2Fldb-phinf.pstatic.net%2F20190828_93%2F1566953601239OT9MQ_PNG%2FxX7Wv642gXMoTI0DAv0hRymS.png"""
25,제이델링 대구동구점,케이크전문,0.0,10,46,대구 동구 이노밸리로46길 3-9 1층,11:00에 영업 시작,0507-1344-9691,,,,"{'디저트가 맛있어요': 7, '선물하기 좋아요': 7, '친절해요': 7, '매장이 청결해요': 6, '특별한 메뉴가 있어요': 4, '주문제작을 잘해줘요': 3, '인테리어가 멋져요': 2, '아늑해요': 1, '주차하기 편해요': 1, '사진이 잘 나와요': 1, '종류가 다양해요': 1}",10,"""https://search.pstatic.net/common/?autoRotate=true&type=w560_sharpen&src=https%3A%2F%2Fldb-phinf.pstatic.net%2F20231016_51%2F1697433624701U9E12_JPEG%2F1.jpg"""
26,퀴르,"카페,디저트",0.0,55,46,대구 동구 첨단로8길 10 109호,09:00에 영업 시작,0507-1367-6132,,,,"{'디저트가 맛있어요': 35, '커피가 맛있어요': 28, '친절해요': 26, '음료가 맛있어요': 12, '매장이 청결해요': 11, '인테리어가 멋져요': 9, '특별한 메뉴가 있어요': 7, '대화하기 좋아요': 7, '가성비가 좋아요': 6, '사진이 잘 나와요': 2, '화장실이 깨끗해요': 2, '좌석이 편해요': 1, '집중하기 좋아요': 1, '뷰가 좋아요': 1}",51,"""https://search.pstatic.net/common/?autoRotate=true&type=w560_sharpen&src=https%3A%2F%2Fldb-phinf.pstatic.net%2F20230902_2%2F16936500090355lUvP_JPEG%2FIMG_3918.jpeg"""
27,대단한탕후루 대구반야월점,"카페,디저트",0.0,37,19,대구 동구 동호로 89 101동 1층 2호,12:00에 영업 시작,053-213-6399,,,,"{'디저트가 맛있어요': 22, '친절해요': 20, '매장이 청결해요': 19, '가성비가 좋아요': 10, '특별한 메뉴가 있어요': 7, '인테리어가 멋져요': 5, '사진이 잘 나와요': 4, '음식이 맛있어요': 3, '아이와 가기 좋아요': 2, '커피가 맛있어요': 1, '음료가 맛있어요': 1, '재료가 신선해요': 1, '포장이 깔끔해요': 1, '종류가 다양해요': 1}",34,"""https://search.pstatic.net/common/?autoRotate=true&type=w560_sharpen&src=https%3A%2F%2Fldb-phinf.pstatic.net%2F20230828_66%2F1693198988386svVyj_JPEG%2F%25B4%25EB%25B4%25DC%25C7%25D1%25C5%25C1%25C8%25C4%25B7%25E7_%25B7%25CE%25B0%25ED.jpg"""
28,스위트무드,"카페,디저트",4.65,148,50,대구 동구 이노밸리로 322 대구혁신도시 비젼스퀘어 b동 148호 스위트무드,11:00에 영업 시작,0507-1349-3282,,,,"{'디저트가 맛있어요': 56, '친절해요': 34, '커피가 맛있어요': 20, '매장이 청결해요': 20, '음료가 맛있어요': 16, '특별한 메뉴가 있어요': 12, '대화하기 좋아요': 11, '가성비가 좋아요': 10, '인테리어가 멋져요': 8, '좌석이 편해요': 3, '주차하기 편해요': 3, '화장실이 깨끗해요': 3, '아늑해요': 1, '음식이 맛있어요': 1, '사진이 잘 나와요': 1}",83,"""https://search.pstatic.net/common/?autoRotate=true&type=w560_sharpen&src=https%3A%2F%2Fldb-phinf.pstatic.net%2F20210910_5%2F16312471757686lrrV_JPEG%2F5sVd1YNvSqY4s1rx9bKmyxHg.jpeg.jpg"""
29,노리파크 대구혁신도시점,"키즈카페,실내놀이터",4.63,345,125,대구 동구 경안로 850 중흥메디컬 4층,11:00에 영업 시작,053-965-1595,,"*트램펄린, 블럭존, 편백존, 뷰티존, 낚시존, 볼풀존, 레이싱존 등 다양한 놀이 시설!

*냉동X, 밀키트X 수제 파스타, 리조또, 필라프 양식 맛집!

*아이들은 신나고 어른들은 마음 놓고 편안히 쉴수있는 공간 노리파크!",,"{'가격이 합리적이에요': 125, '음식이 맛있어요': 122, '매장이 청결해요': 98, '친절해요': 93, '놀거리가 많아요': 90, '부모도 쉬기 좋아요': 73, '음료가 맛있어요': 49, '안전하게 관리해요': 31, '테마가 재미있어요': 24, '공간이 넓어요': 22, '주차하기 편해요': 19, '화장실이 깨끗해요': 12, '체험 프로그램이 많아요': 4, '먹거리가 풍부해요': 3}",256,"""https://search.pstatic.net/common/?autoRotate=true&type=w560_sharpen&src=https%3A%2F%2Fldb-phinf.pstatic.net%2F20191122_109%2F15744052538113Gyxx_JPEG%2F9.jpg"""
30,삼구이십칠,"카페,디저트",0.0,359,128,대구 동구 금강로39길 27,11:00에 영업 시작,053-794-0655,,,,"{'커피가 맛있어요': 79, '인테리어가 멋져요': 79, '친절해요': 58, '뷰가 좋아요': 40, '음료가 맛있어요': 39, '사진이 잘 나와요': 33, '매장이 청결해요': 28, '대화하기 좋아요': 28, '디저트가 맛있어요': 23, '특별한 메뉴가 있어요': 15, '좌석이 편해요': 11, '화장실이 깨끗해요': 10, '주차하기 편해요': 7, '집중하기 좋아요': 5, '가성비가 좋아요': 2}",166,"""https://search.pstatic.net/common/?autoRotate=true&type=w560_sharpen&src=https%3A%2F%2Fldb-phinf.pstatic.net%2F20191209_5%2F1575886487609LNnjx_JPEG%2Fd6xl983TXksZft7rNLwBoyfR.jpeg.jpg"""
31,커피르플랑,"카페,디저트",0.0,176,30,대구 동구 동호로2길 37-22 1층,10:00에 영업 시작,053-965-5251,,,,"{'커피가 맛있어요': 100, '친절해요': 83, '인테리어가 멋져요': 77, '매장이 청결해요': 72, '음료가 맛있어요': 69, '디저트가 맛있어요': 50, '대화하기 좋아요': 39, '좌석이 편해요': 31, '뷰가 좋아요': 26, '사진이 잘 나와요': 25, '특별한 메뉴가 있어요': 25, '화장실이 깨끗해요': 17, '가성비가 좋아요': 6, '집중하기 좋아요': 4, '야외 공간이 멋져요': 1, '반려동물과 가기 좋아요': 1, '매장이 넓어요': 1, '단체모임 하기 좋아요': 1, '종류가 다양해요': 1}",176,"""https://search.pstatic.net/common/?autoRotate=true&type=w560_sharpen&src=https%3A%2F%2Fldb-phinf.pstatic.net%2F20230303_33%2F1677817766969FbxYi_JPEG%2F2.jpg"""
32,킨다스윗,베이커리,4.63,83,24,대구 동구 신서로 16-1 1층,13:00에 영업 시작,010-8413-8708,,,,"{'빵이 맛있어요': 16, '친절해요': 11, '가성비가 좋아요': 7, '매장이 청결해요': 7, '특별한 메뉴가 있어요': 5, '디저트가 맛있어요': 2, '인테리어가 멋져요': 2, '커피가 맛있어요': 1, '뷰가 좋아요': 1}",26,"""https://search.pstatic.net/common/?autoRotate=true&type=w560_sharpen&src=https%3A%2F%2Fldb-phinf.pstatic.net%2F20220205_182%2F1644051104829YQr8W_JPEG%2FKakaoTalk_20220205_174837831.jpg"""
33,아틀리에빈 신서점,카페,4.55,559,21,대구 동구 반야월로 311-13,08:00에 영업 시작,0507-1327-1307,,,,"{'커피가 맛있어요': 149, '친절해요': 63, '음료가 맛있어요': 58, '집중하기 좋아요': 40, '매장이 청결해요': 39, '가성비가 좋아요': 38, '대화하기 좋아요': 37, '디저트가 맛있어요': 29, '인테리어가 멋져요': 29, '좌석이 편해요': 26, '화장실이 깨끗해요': 14, '주차하기 편해요': 10, '특별한 메뉴가 있어요': 10, '뷰가 좋아요': 6, '사진이 잘 나와요': 4}",296,"""https://search.pstatic.net/common/?autoRotate=true&type=w560_sharpen&src=https%3A%2F%2Fldb-phinf.pstatic.net%2F20190619_195%2F15609334812648OmaR_JPEG%2FUL1JuowfbXkjASTdmjCvE5TI.JPG.jpg"""
34,이디야커피 대구반야월점,카페,4.48,612,17,대구 동구 반야월로 369,08:00에 영업 시작,053-965-2369,,,,"{'커피가 맛있어요': 183, '친절해요': 96, '음료가 맛있어요': 89, '디저트가 맛있어요': 74, '대화하기 좋아요': 66, '가성비가 좋아요': 65, '매장이 청결해요': 61, '좌석이 편해요': 52, '집중하기 좋아요': 48, '화장실이 깨끗해요': 27, '인테리어가 멋져요': 23, '특별한 메뉴가 있어요': 18, '뷰가 좋아요': 9, '사진이 잘 나와요': 8, '주차하기 편해요': 4, '오래 머무르기 좋아요': 1}",376,"""https://search.pstatic.net/common/?autoRotate=true&type=w560_sharpen&src=https%3A%2F%2Fldb-phinf.pstatic.net%2F20231102_277%2F1698892786311vReTQ_JPEG%2FSNS%25B1%25E2%25C5%25B8_%25B3%25D7%25C0%25CC%25B9%25F6%25C3%25A4%25B3%25CE_%25BB%25EA%25B8%25AE%25BF%25C0%25BD%25C3%25C1%25F02%2528%25B8%25DE%25B4%25BA%2529.jpg"""
35,투썸플레이스 대구혁신도시점,카페,4.35,720,30,대구 동구 첨단로8길 1,07:30에 영업 시작,053-964-2377,,,,"{'커피가 맛있어요': 157, '디저트가 맛있어요': 139, '음료가 맛있어요': 89, '친절해요': 79, '매장이 청결해요': 63, '대화하기 좋아요': 60, '좌석이 편해요': 44, '집중하기 좋아요': 22, '특별한 메뉴가 있어요': 21, '인테리어가 멋져요': 18, '가성비가 좋아요': 15, '뷰가 좋아요': 7, '사진이 잘 나와요': 5, '화장실이 깨끗해요': 5, '주차하기 편해요': 3, '매장이 넓어요': 3, '차분한 분위기에요': 2, '아늑해요': 1}",385,"""https://search.pstatic.net/common/?autoRotate=true&type=w560_sharpen&src=https%3A%2F%2Fldb-phinf.pstatic.net%2F20220203_189%2F1643894241506uS23m_JPEG%2FCA2C8593-56B6-47A5-BB88-BA8B0B1909A1.jpeg"""
36,핸즈커피 신서혁신도시점,카페,4.56,914,76,대구 동구 이노밸리로 322,10:00에 영업 시작,053-962-3476,,,,"{'커피가 맛있어요': 261, '음료가 맛있어요': 132, '디저트가 맛있어요': 105, '대화하기 좋아요': 100, '인테리어가 멋져요': 92, '친절해요': 88, '매장이 청결해요': 86, '좌석이 편해요': 76, '주차하기 편해요': 68, '집중하기 좋아요': 23, '사진이 잘 나와요': 20, '특별한 메뉴가 있어요': 17, '뷰가 좋아요': 12, '가성비가 좋아요': 11, '화장실이 깨끗해요': 6, '매장이 넓어요': 2, '오래 머무르기 좋아요': 2, '아늑해요': 1}",510,"""https://search.pstatic.net/common/?autoRotate=true&type=w560_sharpen&src=https%3A%2F%2Fldb-phinf.pstatic.net%2F20200321_153%2F1584780906351PCdQ0_JPEG%2Frviogvp22G4mWt8Ex_9Xoq19.jpeg.jpg"""
37,Cafe Tastiny,카페,0.0,96,17,대구 동구 이노밸리로 322 혁신도시 비젼스퀘어2 1층 124호,10:00에 영업 시작,0507-1357-0965,,,,"{'커피가 맛있어요': 78, '인테리어가 멋져요': 66, '친절해요': 53, '디저트가 맛있어요': 44, '음료가 맛있어요': 36, '매장이 청결해요': 33, '사진이 잘 나와요': 26, '특별한 메뉴가 있어요': 25, '주차하기 편해요': 17, '대화하기 좋아요': 14, '가성비가 좋아요': 10, '좌석이 편해요': 4, '집중하기 좋아요': 3, '뷰가 좋아요': 3, '차분한 분위기에요': 1, '음악이 좋아요': 1, '매장이 넓어요': 1, '오래 머무르기 좋아요': 1, '차가 맛있어요': 1}",96,"""https://search.pstatic.net/common/?autoRotate=true&type=w560_sharpen&src=https%3A%2F%2Fldb-phinf.pstatic.net%2F20230630_159%2F1688101992300a0iYk_JPEG%2FKakaoTalk_20230630_140923594_01.jpg"""
38,라비앙로즈,카페,4.59,126,9,대구 동구 이노밸리로 309,08:00에 영업 시작,0507-1300-9495,,,,"{'친절해요': 39, '음료가 맛있어요': 34, '커피가 맛있어요': 28, '매장이 청결해요': 13, '좌석이 편해요': 12, '가성비가 좋아요': 12, '대화하기 좋아요': 11, '인테리어가 멋져요': 9, '디저트가 맛있어요': 8, '집중하기 좋아요': 3, '사진이 잘 나와요': 2, '특별한 메뉴가 있어요': 2, '매장이 넓어요': 1, '화장실이 깨끗해요': 1}",75,"""https://search.pstatic.net/common/?autoRotate=true&type=w560_sharpen&src=https%3A%2F%2Fldb-phinf.pstatic.net%2F20171222_86%2F1513907078502vaaSG_JPEG%2FnlUFAY_bUwdO2IIdMNBmybHa.jpg"""
39,빽다방 대구혁신1호점,테이크아웃커피,4.38,493,20,대구 동구 첨단로8길 10,2023.11.,0507-0288-7011,,,,"{'커피가 맛있어요': 109, '가성비가 좋아요': 106, '음료가 맛있어요': 69, '친절해요': 49, '디저트가 맛있어요': 36, '매장이 청결해요': 22, '대화하기 좋아요': 16, '특별한 메뉴가 있어요': 13, '좌석이 편해요': 11, '인테리어가 멋져요': 5, '주차하기 편해요': 5, '화장실이 깨끗해요': 5, '뷰가 좋아요': 4, '집중하기 좋아요': 3, '음식이 빨리 나와요': 1}",252,"""https://search.pstatic.net/common/?autoRotate=true&type=w560_sharpen&src=https%3A%2F%2Fldb-phinf.pstatic.net%2F20230830_173%2F1693324905083sOzRb_JPEG%2F12652.jpg"""
40,수앤청,"카페,디저트",4.57,64,10,대구 동구 이노밸리로54길 12-3,11:30에 영업 시작,010-9086-6755,,,,"{'특별한 메뉴가 있어요': 34, '음료가 맛있어요': 18, '가성비가 좋아요': 16, '친절해요': 13, '커피가 맛있어요': 10, '매장이 청결해요': 10, '대화하기 좋아요': 8, '디저트가 맛있어요': 7, '좌석이 편해요': 2, '아늑해요': 2, '음식이 맛있어요': 2, '사진이 잘 나와요': 2, '건강한 맛이에요': 2, '차분한 분위기에요': 1, '재료가 신선해요': 1, '인테리어가 멋져요': 1, '집중하기 좋아요': 1}",50,"""https://search.pstatic.net/common/?autoRotate=true&type=w560_sharpen&src=https%3A%2F%2Fldb-phinf.pstatic.net%2F20220101_99%2F16410382896775pTyI_JPEG%2F20211229_131103.jpg"""
41,배스킨라빈스 대구각산역,아이스크림,4.55,1617,17,대구 동구 금강로 10 1층,10:00에 영업 시작,053-963-1313,,,,"{'디저트가 맛있어요': 415, '친절해요': 281, '매장이 청결해요': 182, '특별한 메뉴가 있어요': 106, '음료가 맛있어요': 101, '커피가 맛있어요': 62, '가성비가 좋아요': 52, '대화하기 좋아요': 40, '좌석이 편해요': 39, '인테리어가 멋져요': 36, '주차하기 편해요': 9, '사진이 잘 나와요': 7, '집중하기 좋아요': 7, '뷰가 좋아요': 6, '화장실이 깨끗해요': 4, '아늑해요': 1, '음식이 맛있어요': 1, '양이 많아요': 1, '포장이 깔끔해요': 1, '매장이 넓어요': 1, '종류가 다양해요': 1}",818,"""https://search.pstatic.net/common/?autoRotate=true&type=w560_sharpen&src=https%3A%2F%2Fldb-phinf.pstatic.net%2F20190207_263%2F1549518073913VHxxg_JPEG%2FWzOVG98BAb-9oaMe84QYeDV3.jpg"""
42,옹그릭,"카페,디저트",0.0,97,19,대구 동구 신서로22길 4-4 1층. 옹그릭,11:30에 영업 시작,0507-1447-2025,,,,"{'친절해요': 63, '특별한 메뉴가 있어요': 60, '매장이 청결해요': 49, '디저트가 맛있어요': 47, '인테리어가 멋져요': 26, '가성비가 좋아요': 14, '주차하기 편해요': 12, '음료가 맛있어요': 8, '사진이 잘 나와요': 8, '건강한 맛이에요': 5, '커피가 맛있어요': 3, '대화하기 좋아요': 1, '뷰가 좋아요': 1}",96,"""https://search.pstatic.net/common/?autoRotate=true&type=w560_sharpen&src=https%3A%2F%2Fldb-phinf.pstatic.net%2F20220426_249%2F1650980888873ATvDc_JPEG%2F6A83C583-5CD3-476A-BC82-B5CA9DD14F3A.jpeg"""
43,커피스미스드래프트 비젼스퀘어점,카페,4.4,249,13,대구 동구 이노밸리로 322,11:00에 영업 시작,0507-1397-9834,,,,"{'친절해요': 46, '커피가 맛있어요': 43, '음료가 맛있어요': 28, '디저트가 맛있어요': 18, '주차하기 편해요': 18, '매장이 청결해요': 17, '대화하기 좋아요': 13, '인테리어가 멋져요': 11, '특별한 메뉴가 있어요': 11, '가성비가 좋아요': 10, '좌석이 편해요': 9, '집중하기 좋아요': 4, '사진이 잘 나와요': 2, '뷰가 좋아요': 2, '화장실이 깨끗해요': 1}",116,"""https://search.pstatic.net/common/?autoRotate=true&type=w560_sharpen&src=https%3A%2F%2Fldb-phinf.pstatic.net%2F20231015_92%2F16973609027675AcYX_JPEG%2FKakaoTalk_20231015_180622966.jpg"""
44,메가MGC커피 대구동호점,카페,4.46,529,16,대구 동구 동호로 77 1층메가커피,08:00에 영업 시작,053-964-9921,,,,"{'커피가 맛있어요': 169, '음료가 맛있어요': 110, '가성비가 좋아요': 108, '친절해요': 66, '디저트가 맛있어요': 30, '매장이 청결해요': 27, '특별한 메뉴가 있어요': 20, '대화하기 좋아요': 20, '좌석이 편해요': 14, '집중하기 좋아요': 10, '인테리어가 멋져요': 8, '사진이 잘 나와요': 2, '화장실이 깨끗해요': 2, '차분한 분위기에요': 1, '양이 많아요': 1, '주차하기 편해요': 1, '오래 머무르기 좋아요': 1}",337,"""https://search.pstatic.net/common/?autoRotate=true&type=w560_sharpen&src=https%3A%2F%2Fldb-phinf.pstatic.net%2F20190919_244%2F15688647463242T289_JPEG%2Fid-WC5KknGqfeSGiU3KxfRtC.jpg"""
45,래빗커피,"카페,디저트",0.0,115,4,대구 동구 첨단로8길 16 1층 107호 래빗커피,08:30에 영업 시작,053-965-1984,,,,"{'커피가 맛있어요': 56, '친절해요': 43, '음료가 맛있어요': 25, '가성비가 좋아요': 18, '매장이 청결해요': 16, '매장이 넓어요': 15, '대화하기 좋아요': 13, '좌석이 편해요': 12, '음식이 빨리 나와요': 9, '뷰가 좋아요': 6, '디저트가 맛있어요': 5, '인테리어가 멋져요': 4, '주차하기 편해요': 3, '야외 공간이 멋져요': 2, '오래 머무르기 좋아요': 2, '집중하기 좋아요': 2, '차가 맛있어요': 2, '화장실이 깨끗해요': 2, '특별한 메뉴가 있어요': 1, '종류가 다양해요': 1}",115,"""https://search.pstatic.net/common/?autoRotate=true&type=w560_sharpen&src=https%3A%2F%2Fldb-phinf.pstatic.net%2F20230501_79%2F1682938010121rS5aN_JPEG%2F1682937749362.jpg"""
46,챔프스포츠어드벤처파크,"키즈카페,실내놀이터",4.66,328,61,대구 동구 메디밸리로 5-21 휴플러스타워7층,13:30에 영업 시작,0507-1313-8005,,영아부터 초등(~11살)까지 즐기는 실내놀이터입니다. 안전을 위해 미끄럼방지양말을 꼭 착용해주세요.,,"{'친절해요': 78, '매장이 청결해요': 62, '부모도 쉬기 좋아요': 46, '가격이 합리적이에요': 38, '안전하게 관리해요': 37, '주차하기 편해요': 28, '놀거리가 많아요': 27, '공간이 넓어요': 26, '화장실이 깨끗해요': 26, '테마가 재미있어요': 20, '음료가 맛있어요': 13, '커피가 맛있어요': 6, '음식이 맛있어요': 4, '체험 프로그램이 많아요': 3}",187,"""https://search.pstatic.net/common/?autoRotate=true&type=w560_sharpen&src=https%3A%2F%2Fldb-phinf.pstatic.net%2F20180126_258%2F151693441558700ujj_JPEG%2FzTvS5bVpMkJkkD__qByBFTEA.jpg"""
47,플레이스오브,브런치카페,0.0,55,19,대구 동구 과학로 10-1 102호,10:00에 영업 시작,0507-1376-1774,,,,"{'친절해요': 38, '커피가 맛있어요': 28, '인테리어가 멋져요': 22, '매장이 청결해요': 20, '디저트가 맛있어요': 18, '뷰가 좋아요': 14, '음료가 맛있어요': 12, '사진이 잘 나와요': 10, '특별한 메뉴가 있어요': 10, '대화하기 좋아요': 10, '가성비가 좋아요': 7, '음식이 맛있어요': 2, '좌석이 편해요': 1, '혼술하기 좋아요': 1}",55,"""https://search.pstatic.net/common/?autoRotate=true&type=w560_sharpen&src=https%3A%2F%2Fldb-phinf.pstatic.net%2F20230515_298%2F16841390640585Isoa_JPEG%2F%25C7%25C3%25B7%25B9%25C0%25CC%25BD%25BA%25BF%25C0%25BA%25EA1.jpg"""
48,공차 대구각산역점,차,4.58,876,9,대구 동구 금강로 15 1층,09:00에 영업 시작,0507-1473-0415,,,,"{'음료가 맛있어요': 348, '차가 맛있어요': 211, '친절해요': 193, '매장이 청결해요': 143, '대화하기 좋아요': 64, '좌석이 편해요': 60, '특별한 메뉴가 있어요': 46, '디저트가 맛있어요': 44, '인테리어가 멋져요': 41, '집중하기 좋아요': 40, '가성비가 좋아요': 38, '사진이 잘 나와요': 7, '화장실이 깨끗해요': 7, '주차하기 편해요': 3, '뷰가 좋아요': 3}",608,"""https://search.pstatic.net/common/?autoRotate=true&type=w560_sharpen&src=https%3A%2F%2Fldb-phinf.pstatic.net%2F20210414_292%2F1618380035993AKGJf_JPEG%2FIFb5df6qMub8lcLWg4dSlbXs.jpg"""
49,코코호도 동호점,호두과자,4.36,289,4,대구 동구 동호로 75 골든프라자 106호,09:30에 영업 시작,053-962-5536,,,,"{'디저트가 맛있어요': 63, '친절해요': 58, '가성비가 좋아요': 45, '특별한 메뉴가 있어요': 21, '매장이 청결해요': 14, '커피가 맛있어요': 10, '인테리어가 멋져요': 7, '음료가 맛있어요': 4, '대화하기 좋아요': 4, '음식이 맛있어요': 2, '사진이 잘 나와요': 2, '좌석이 편해요': 1, '양이 많아요': 1, '집중하기 좋아요': 1, '건강한 맛이에요': 1, '화장실이 깨끗해요': 1, '뷰가 좋아요': 1}",161,"""https://search.pstatic.net/common/?autoRotate=true&type=w560_sharpen&src=https%3A%2F%2Fldb-phinf.pstatic.net%2F20150831_193%2F1441017086364I2Qhc_JPEG%2F12755760_0.jpg"""
50,리터킹 율하각산점,"카페,디저트",0.0,30,2,대구 동구 동호로5길 5 1층 110호,08:30에 영업 시작,0507-1856-7938,,,,"{'가성비가 좋아요': 13, '음료가 맛있어요': 11, '커피가 맛있어요': 9, '친절해요': 7, '디저트가 맛있어요': 6, '특별한 메뉴가 있어요': 4, '매장이 청결해요': 1}",27,"""https://search.pstatic.net/common/?autoRotate=true&type=w560_sharpen&src=https%3A%2F%2Fldb-phinf.pstatic.net%2F20221106_29%2F1667733565700CRYpe_JPEG%2F20221005_081716.jpg"""
51,팔공티 각산역점,차,4.51,670,6,대구 동구 동호로 79,09:00에 영업 시작,053-964-3080,,,,"{'음료가 맛있어요': 181, '가성비가 좋아요': 145, '친절해요': 126, '차가 맛있어요': 124, '매장이 청결해요': 64, '디저트가 맛있어요': 17, '특별한 메뉴가 있어요': 17, '대화하기 좋아요': 16, '좌석이 편해요': 9, '사진이 잘 나와요': 4, '음식이 빨리 나와요': 3, '인테리어가 멋져요': 3, '커피가 맛있어요': 1, '음식이 맛있어요': 1, '양이 많아요': 1, '주차하기 편해요': 1, '집중하기 좋아요': 1, '화장실이 깨끗해요': 1}",344,"""https://search.pstatic.net/common/?autoRotate=true&type=w560_sharpen&src=https%3A%2F%2Fldb-phinf.pstatic.net%2F20230829_49%2F1693272196957zP8QX_PNG%2F2023_%25C0%25A5%25BF%25EB_%25B8%25AE%25B4%25BA%25BE%25F3_%25B7%25CE%25B0%25ED_%25283%2529.png"""
52,파리바게뜨 대구신서점,베이커리,4.43,1290,4,대구 동구 반야월북로 242,,053-964-8234,,,,"{'빵이 맛있어요': 624, '친절해요': 226, '매장이 청결해요': 135, '특별한 메뉴가 있어요': 87, '커피가 맛있어요': 82, '가성비가 좋아요': 80, '음료가 맛있어요': 70, '인테리어가 멋져요': 42, '좌석이 편해요': 18, '대화하기 좋아요': 12, '주차하기 편해요': 8, '화장실이 깨끗해요': 8, '집중하기 좋아요': 6, '뷰가 좋아요': 5, '사진이 잘 나와요': 4, '디저트가 맛있어요': 1, '종류가 다양해요': 1}",868,"""https://search.pstatic.net/common/?autoRotate=true&type=w560_sharpen&src=https%3A%2F%2Fldb-phinf.pstatic.net%2F20220413_243%2F1649840151160t1TnX_PNG%2Fimage.png"""
53,오늘여기,"카페,디저트",0.0,109,64,대구 동구 과학로4길 4 1층 오늘여기,10:30에 영업 시작,0507-1379-4444,,,,"{'커피가 맛있어요': 62, '친절해요': 46, '뷰가 좋아요': 45, '디저트가 맛있어요': 44, '특별한 메뉴가 있어요': 42, '인테리어가 멋져요': 38, '사진이 잘 나와요': 31, '매장이 청결해요': 30, '반려동물과 가기 좋아요': 12, '가성비가 좋아요': 9, '좌석이 편해요': 7, '컨셉이 독특해요': 7, '음료가 맛있어요': 6, '주차하기 편해요': 6, '차가 맛있어요': 6, '아늑해요': 4, '대화하기 좋아요': 3, '아이와 가기 좋아요': 2, '음악이 좋아요': 2, '야외 공간이 멋져요': 2, '집중하기 좋아요': 2, '음식이 빨리 나와요': 1, '음식이 맛있어요': 1, '매장이 넓어요': 1, '종류가 다양해요': 1}",108,
54,잔잔모먼트,"카페,디저트",0.0,23,5,대구 동구 이노밸리로56길 15-1 청우빌 1층 잔잔모먼트,10:00에 영업 시작,,,,,"{'커피가 맛있어요': 17, '친절해요': 11, '디저트가 맛있어요': 8, '음료가 맛있어요': 7, '대화하기 좋아요': 5, '인테리어가 멋져요': 4, '가성비가 좋아요': 4, '특별한 메뉴가 있어요': 4, '매장이 청결해요': 4, '아늑해요': 3, '사진이 잘 나와요': 3, '아이와 가기 좋아요': 2, '차분한 분위기에요': 1, '혼밥하기 좋아요': 1, '음식이 맛있어요': 1, '재료가 신선해요': 1, '반려동물과 가기 좋아요': 1, '뷰가 좋아요': 1}",22,"""https://search.pstatic.net/common/?autoRotate=true&type=w560_sharpen&src=https%3A%2F%2Fldb-phinf.pstatic.net%2F20231103_251%2F16989912617846I0HX_PNG%2FIMG_1904.png"""
55,스마일명품찹쌀꽈배기 반야월점,스마일명품찹쌀꽈배기,4.54,450,3,대구 동구 동호로5길 5,11:00에 영업 시작,0507-1300-5264,,,,"{'빵이 맛있어요': 186, '가성비가 좋아요': 83, '친절해요': 76, '특별한 메뉴가 있어요': 28, '매장이 청결해요': 17, '커피가 맛있어요': 9, '음료가 맛있어요': 7, '주차하기 편해요': 5, '인테리어가 멋져요': 3, '좌석이 편해요': 2, '음식이 빨리 나와요': 2, '사진이 잘 나와요': 2, '화장실이 깨끗해요': 2, '집중하기 좋아요': 1, '대화하기 좋아요': 1, '건강한 맛이에요': 1, '뷰가 좋아요': 1}",268,"""https://search.pstatic.net/common/?autoRotate=true&type=w560_sharpen&src=https%3A%2F%2Fldb-phinf.pstatic.net%2F20190317_33%2F15527907108780mHIK_JPEG%2FcxUpI9xTGEPM10AwCSwH2cmv.jpg"""
56,커피앤크레이터스,"카페,디저트",4.4,317,52,대구 동구 안심로 370 욱일빌딩1층,10:00에 영업 시작,053-283-1600,,,,"{'커피가 맛있어요': 82, '디저트가 맛있어요': 55, '가성비가 좋아요': 55, '음료가 맛있어요': 52, '친절해요': 45, '대화하기 좋아요': 40, '매장이 청결해요': 29, '좌석이 편해요': 26, '인테리어가 멋져요': 25, '집중하기 좋아요': 25, '주차하기 편해요': 16, '특별한 메뉴가 있어요': 15, '사진이 잘 나와요': 12, '화장실이 깨끗해요': 4, '뷰가 좋아요': 4}",165,"""https://search.pstatic.net/common/?autoRotate=true&type=w560_sharpen&src=https%3A%2F%2Fldb-phinf.pstatic.net%2F20150831_226%2F1441015717620bUu6R_JPEG%2F35657881_0.jpeg"""
57,"정류장,나불","카페,디저트",4.72,495,62,대구 동구 과학로6길 25-1,10:30에 영업 시작,053-719-3117,,,,"{'뷰가 좋아요': 249, '친절해요': 208, '커피가 맛있어요': 198, '음료가 맛있어요': 172, '인테리어가 멋져요': 127, '매장이 청결해요': 119, '디저트가 맛있어요': 96, '사진이 잘 나와요': 70, '화장실이 깨끗해요': 56, '특별한 메뉴가 있어요': 52, '대화하기 좋아요': 47, '좌석이 편해요': 36, '가성비가 좋아요': 26, '주차하기 편해요': 20, '야외 공간이 멋져요': 4, '아늑해요': 1, '음악이 좋아요': 1, '매장이 넓어요': 1, '집중하기 좋아요': 1}",429,"""https://search.pstatic.net/common/?autoRotate=true&type=w560_sharpen&src=https%3A%2F%2Fldb-phinf.pstatic.net%2F20230906_120%2F1693948922815lBFzb_JPEG%2FIMG_4748.jpeg"""
58,커피스미스 동대구점,카페,4.28,96,6,대구 동구 안심로73길 22,11:30에 영업 시작,053-964-5666,,,,"{'커피가 맛있어요': 24, '음료가 맛있어요': 19, '친절해요': 17, '대화하기 좋아요': 13, '매장이 청결해요': 12, '디저트가 맛있어요': 10, '인테리어가 멋져요': 6, '가성비가 좋아요': 6, '좌석이 편해요': 4, '집중하기 좋아요': 3, '특별한 메뉴가 있어요': 2, '주차하기 편해요': 1, '화장실이 깨끗해요': 1, '뷰가 좋아요': 1}",52,"""https://search.pstatic.net/common/?autoRotate=true&type=w560_sharpen&src=https%3A%2F%2Fldb-phinf.pstatic.net%2F20171024_54%2F1508811884883WTLnV_JPEG%2FoRDHyeIomKrslBxTBjVw2VX7.jpg"""
59,감프커피 대구혁신점,"카페,디저트",0.0,200,16,대구 동구 첨단로8길 8 CJ빌딩 106호,08:00에 영업 시작,0507-1372-1397,,,,"{'커피가 맛있어요': 123, '디저트가 맛있어요': 70, '음료가 맛있어요': 48, '인테리어가 멋져요': 48, '친절해요': 48, '매장이 청결해요': 40, '대화하기 좋아요': 23, '가성비가 좋아요': 21, '특별한 메뉴가 있어요': 21, '사진이 잘 나와요': 18, '좌석이 편해요': 13, '주차하기 편해요': 2, '집중하기 좋아요': 2, '화장실이 깨끗해요': 1}",196,"""https://search.pstatic.net/common/?autoRotate=true&type=w560_sharpen&src=https%3A%2F%2Fldb-phinf.pstatic.net%2F20230220_276%2F1676881695380aGF2N_JPEG%2F4982EFD8-6AA9-4C84-A590-297531D01277.jpeg"""
60,쉐리체리,"카페,디저트",4.63,209,185,대구 동구 이노밸리로 166 1층,11:00에 영업 시작,0507-1340-4074,,,,"{'디저트가 맛있어요': 121, '친절해요': 73, '커피가 맛있어요': 46, '특별한 메뉴가 있어요': 46, '매장이 청결해요': 44, '음료가 맛있어요': 31, '인테리어가 멋져요': 26, '가성비가 좋아요': 10, '사진이 잘 나와요': 6, '대화하기 좋아요': 5, '뷰가 좋아요': 3, '빵이 맛있어요': 2, '아늑해요': 2, '포장이 깔끔해요': 2, '주차하기 편해요': 2, '집중하기 좋아요': 2, '좌석이 편해요': 1, '반려동물과 가기 좋아요': 1, '종류가 다양해요': 1}",151,"""https://search.pstatic.net/common/?autoRotate=true&type=w560_sharpen&src=https%3A%2F%2Fldb-phinf.pstatic.net%2F20210430_168%2F1619758129901f9x6J_JPEG%2FdyswW3CkTY-4Nrc7mncK6bij.jpeg.jpg"""
61,티라레미수 대구혁신도시점,베이커리,4.52,68,13,대구 동구 첨단로 30,08:00에 영업 시작,0507-1306-3258,,,,"{'친절해요': 19, '커피가 맛있어요': 17, '음료가 맛있어요': 13, '가성비가 좋아요': 7, '빵이 맛있어요': 5, '특별한 메뉴가 있어요': 5, '매장이 청결해요': 5, '대화하기 좋아요': 5, '좌석이 편해요': 3, '인테리어가 멋져요': 3, '집중하기 좋아요': 2, '사진이 잘 나와요': 1}",43,"""https://search.pstatic.net/common/?autoRotate=true&type=w560_sharpen&src=https%3A%2F%2Fldb-phinf.pstatic.net%2F20180221_113%2F15192154109011DY3C_JPEG%2F43p7AeIjzqd1Fuw2H6WRa7kX.jpg"""
62,노커커피 각산,브런치카페,0.0,223,56,"대구 동구 과학로 12 1층 101호, 2층 201호",08:00에 영업 시작,053-965-7674,,,,"{'커피가 맛있어요': 149, '인테리어가 멋져요': 92, '디저트가 맛있어요': 81, '친절해요': 63, '대화하기 좋아요': 60, '매장이 청결해요': 58, '음료가 맛있어요': 56, '뷰가 좋아요': 54, '사진이 잘 나와요': 35, '좌석이 편해요': 31, '특별한 메뉴가 있어요': 26, '집중하기 좋아요': 19, '가성비가 좋아요': 16, '화장실이 깨끗해요': 10, '주차하기 편해요': 6, '매장이 넓어요': 6, '오래 머무르기 좋아요': 2, '아늑해요': 1, '종류가 다양해요': 1}",221,"""https://search.pstatic.net/common/?autoRotate=true&type=w560_sharpen&src=https%3A%2F%2Fldb-phinf.pstatic.net%2F20230909_95%2F1694271118625W3V0A_JPEG%2FIMG_4921.jpeg"""
63,컴포즈커피 대구혁신점,카페,4.09,157,5,대구 동구 메디밸리로 9 GS빌딩 111호,08:00에 영업 시작,0507-0289-3833,,,,"{'커피가 맛있어요': 67, '가성비가 좋아요': 47, '친절해요': 46, '음료가 맛있어요': 33, '디저트가 맛있어요': 18, '매장이 청결해요': 10, '특별한 메뉴가 있어요': 5, '주차하기 편해요': 4, '대화하기 좋아요': 4, '인테리어가 멋져요': 3, '좌석이 편해요': 2, '화장실이 깨끗해요': 2, '차분한 분위기에요': 1, '집중하기 좋아요': 1}",132,"""https://search.pstatic.net/common/?autoRotate=true&type=w560_sharpen&src=https%3A%2F%2Fldb-phinf.pstatic.net%2F20210609_52%2F1623220388859xhC31_JPEG%2F4yH2W_vCXRMSaLpLCCMV6CCd.jpg"""
64,핸즈커피 각산점,카페,4.47,435,57,대구 동구 반야월북로 152,10:00에 영업 시작,0507-1380-6622,,,,"{'커피가 맛있어요': 100, '음료가 맛있어요': 60, '디저트가 맛있어요': 39, '대화하기 좋아요': 37, '좌석이 편해요': 34, '매장이 청결해요': 26, '친절해요': 24, '집중하기 좋아요': 24, '인테리어가 멋져요': 23, '주차하기 편해요': 13, '화장실이 깨끗해요': 12, '가성비가 좋아요': 10, '특별한 메뉴가 있어요': 10, '사진이 잘 나와요': 8, '뷰가 좋아요': 5, '차분한 분위기에요': 1}",190,"""https://search.pstatic.net/common/?autoRotate=true&type=w560_sharpen&src=https%3A%2F%2Fldb-phinf.pstatic.net%2F20160623_214%2F14666492502052bq9O_JPEG%2F176567495622067_0.jpeg"""
65,졸리홀리데이,"카페,디저트",0.0,53,41,대구 동구 반야월로 311-11 1층,11:00에 영업 시작,0507-1473-0705,,,,"{'커피가 맛있어요': 32, '친절해요': 27, '디저트가 맛있어요': 21, '인테리어가 멋져요': 14, '매장이 청결해요': 11, '대화하기 좋아요': 10, '사진이 잘 나와요': 9, '음료가 맛있어요': 8, '집중하기 좋아요': 6, '가성비가 좋아요': 5, '주차하기 편해요': 4, '좌석이 편해요': 1, '특별한 메뉴가 있어요': 1}",53,"""https://search.pstatic.net/common/?autoRotate=true&type=w560_sharpen&src=https%3A%2F%2Fldb-phinf.pstatic.net%2F20221011_252%2F16654537902522uPfo_JPEG%2F3B54FCE5-DDBF-4D4F-92C4-C41940D2D68A.jpeg"""
66,춤추는찹쌀꽈배기,베이커리,4.57,275,4,대구 동구 메디밸리로 13,11:00에 영업 시작,0507-1356-2790,,,,"{'빵이 맛있어요': 86, '친절해요': 66, '가성비가 좋아요': 48, '매장이 청결해요': 20, '특별한 메뉴가 있어요': 15, '커피가 맛있어요': 4, '디저트가 맛있어요': 4, '음료가 맛있어요': 3, '주차하기 편해요': 2, '음식이 맛있어요': 1, '재료가 신선해요': 1, '인테리어가 멋져요': 1, '집중하기 좋아요': 1, '화장실이 깨끗해요': 1}",158,"""https://search.pstatic.net/common/?autoRotate=true&type=w560_sharpen&src=https%3A%2F%2Fldb-phinf.pstatic.net%2F20201027_45%2F1603784568938NwypP_JPEG%2F75-jaPENqJlr6CaFJ9ECaBgB.jpg"""
67,그란데커피,테이크아웃커피,4.23,168,8,대구 동구 동내로 76 110호 그란데커피,08:30에 영업 시작,0507-1441-0055,,,,"{'커피가 맛있어요': 54, '가성비가 좋아요': 38, '음료가 맛있어요': 35, '친절해요': 31, '대화하기 좋아요': 8, '매장이 청결해요': 6, '특별한 메뉴가 있어요': 5, '디저트가 맛있어요': 4, '뷰가 좋아요': 4, '집중하기 좋아요': 3, '좌석이 편해요': 2, '인테리어가 멋져요': 2, '주차하기 편해요': 2, '사진이 잘 나와요': 2, '아늑해요': 1, '야외 공간이 멋져요': 1, '매장이 넓어요': 1}",106,"""https://search.pstatic.net/common/?autoRotate=true&type=w560_sharpen&src=https%3A%2F%2Fldb-phinf.pstatic.net%2F20160824_49%2F1472046535608Fzq0j_JPEG%2F176774627874980_0.jpeg"""
68,이디야커피 대구각산역점,카페,4.62,325,10,대구 동구 금강로 5,10:00에 영업 시작,053-964-2224,,,,"{'커피가 맛있어요': 69, '친절해요': 44, '음료가 맛있어요': 43, '디저트가 맛있어요': 35, '가성비가 좋아요': 26, '매장이 청결해요': 20, '좌석이 편해요': 12, '대화하기 좋아요': 10, '집중하기 좋아요': 8, '특별한 메뉴가 있어요': 6, '인테리어가 멋져요': 5, '주차하기 편해요': 4, '화장실이 깨끗해요': 2, '사진이 잘 나와요': 1, '종류가 다양해요': 1}",156,"""https://search.pstatic.net/common/?autoRotate=true&type=w560_sharpen&src=https%3A%2F%2Fldb-phinf.pstatic.net%2F20231102_277%2F1698892786311vReTQ_JPEG%2FSNS%25B1%25E2%25C5%25B8_%25B3%25D7%25C0%25CC%25B9%25F6%25C3%25A4%25B3%25CE_%25BB%25EA%25B8%25AE%25BF%25C0%25BD%25C3%25C1%25F02%2528%25B8%25DE%25B4%25BA%2529.jpg"""
69,자놀,"키즈카페,실내놀이터",0.0,30,18,대구 동구 첨단로8길 10 이노타워 403호,10:00에 영업 시작,,,"안녕하세요. 대구 혁신도시 코스트코 인근에 위치한
키즈 체험 카페, 도심 속 자연 놀이터 자놀JANOL입니다 :)

13개월 ~ 7세 어린이가 이용 가능한 키즈 체험형 공간이며,
물감놀이, 흙놀이, 수영장, 수학놀이, 과학놀이등의
프로그램으로 아이들의 사고력과 창의성을 높일 수 있는 곳 입니다.

- 과목별 전문 선생님 프로그램 운영
- 문화예술교육사, 미술심리상담사 자격증 소지 선생님, 미술 & 오감 수업 진행
- 원예 테라피 자격증 소지 선생님, 원예 수업 진행
- 4명 이상 6명 이하 수업 진행
1시간 단위의 다양한 수업 프로그램 중 원하는 수업을 선택하여 이용하실 수 있습니다.

인스타 : janol.official
카카오 : janol

- 대구 혁신도시 최초 실내 유기농 흙 실내 농부 놀이
- 대구 혁신도시 유일 실내 가드닝&모래놀이&수영장
- 다양한 주제와 가드닝 나무 또는 꽃 심어보기 체험
- 3m*4m 규모의 키즈풀과 확 트인 전방 뷰(view)

- 주차 무료 쿠폰 제공
- 아기 의자, 기저귀 갈이대 및 수유실 보유
- 인근 편의시설 및 음식점 다양

전화 예약 및 문의는 어렵습니다 :)
네이버 예약을 통해 예약을 받고 있으며,
모든 문의는 카카오 채널을 통해 부탁 드립니다.

어린이집, 유치원 대관 문의는
채널로 전화번호 남겨주시면 전화드리겠습니다.

도심 속, 자연 놀이터 JANOL",,"{'친절해요': 16, '체험 프로그램이 많아요': 15, '매장이 청결해요': 14, '테마가 재미있어요': 13, '놀거리가 많아요': 9, '부모도 쉬기 좋아요': 8, '안전하게 관리해요': 6, '가격이 합리적이에요': 6, '공간이 넓어요': 4, '화장실이 깨끗해요': 4, '음료가 맛있어요': 2, '주차하기 편해요': 1}",28,"""https://search.pstatic.net/common/?autoRotate=true&type=w560_sharpen&src=https%3A%2F%2Fldb-phinf.pstatic.net%2F20220703_72%2F1656858000200IAWLV_PNG%2F%25B3%25D7%25C0%25CC%25B9%25F6_%25C0%25DA%25B3%25EE5.png"""
70,파리바게뜨 대구동호점,베이커리,4.48,2770,247,대구 동구 동호로 79,07:00에 영업 시작,053-961-8204,,,,"{'빵이 맛있어요': 1050, '친절해요': 426, '매장이 청결해요': 312, '커피가 맛있어요': 134, '특별한 메뉴가 있어요': 113, '가성비가 좋아요': 109, '음료가 맛있어요': 98, '인테리어가 멋져요': 78, '대화하기 좋아요': 43, '좌석이 편해요': 32, '주차하기 편해요': 29, '뷰가 좋아요': 29, '집중하기 좋아요': 21, '사진이 잘 나와요': 20, '화장실이 깨끗해요': 14, '종류가 다양해요': 4, '디저트가 맛있어요': 2, '음식이 빨리 나와요': 1, '음식이 맛있어요': 1, '재료가 신선해요': 1, '메뉴 구성이 알차요': 1, '매장이 넓어요': 1}",1490,"""https://search.pstatic.net/common/?autoRotate=true&type=w560_sharpen&src=https%3A%2F%2Fldb-phinf.pstatic.net%2F20200321_6%2F1584758987147KiCLp_JPEG%2F8bvZGRv5KU2URQt5UYiZTeBA.jpeg.jpg"""
71,카페 소스페소,"카페,디저트",4.66,128,15,대구 동구 이노밸리로54길 3-7 피닉스빌1 카페소스페소,08:00에 영업 시작,0507-1357-3664,,,,"{'커피가 맛있어요': 40, '친절해요': 29, '음료가 맛있어요': 22, '매장이 청결해요': 21, '대화하기 좋아요': 20, '인테리어가 멋져요': 13, '사진이 잘 나와요': 6, '특별한 메뉴가 있어요': 6, '집중하기 좋아요': 5, '디저트가 맛있어요': 4, '가성비가 좋아요': 4, '좌석이 편해요': 3, '뷰가 좋아요': 3, '화장실이 깨끗해요': 2}",86,"""https://search.pstatic.net/common/?autoRotate=true&type=w560_sharpen&src=https%3A%2F%2Fldb-phinf.pstatic.net%2F20210627_95%2F1624782254002Pes2I_JPEG%2FCFynJMuPtVjClSMTYZOQVtkh.jpg"""
72,송사부수제쌀고로케 이마트반야월점,베이커리,4.44,984,4,대구 동구 안심로 389-2,10:00에 영업 시작,010-2029-4680,,,,"{'빵이 맛있어요': 291, '가성비가 좋아요': 86, '친절해요': 83, '주차하기 편해요': 57, '특별한 메뉴가 있어요': 40, '매장이 청결해요': 35, '음료가 맛있어요': 13, '화장실이 깨끗해요': 8, '커피가 맛있어요': 7, '인테리어가 멋져요': 7, '좌석이 편해요': 4, '집중하기 좋아요': 3, '음식이 맛있어요': 2, '대화하기 좋아요': 2, '음식이 빨리 나와요': 1, '사진이 잘 나와요': 1, '종류가 다양해요': 1}",404,"""https://search.pstatic.net/common/?autoRotate=true&type=w560_sharpen&src=https%3A%2F%2Fldb-phinf.pstatic.net%2F20230803_247%2F16910318839887vo4V_PNG%2F%25BD%25C9%25BA%25BC%25B7%25CE%25B0%25ED.png"""
73,신쿵푸탕후루 대구신서점,"카페,디저트",0.0,16,3,대구 동구 동호로5길 8 1층,11:30에 영업 시작,053-965-8680,,,,,,"""https://search.pstatic.net/common/?autoRotate=true&type=w560_sharpen&src=https%3A%2F%2Fldb-phinf.pstatic.net%2F20230906_20%2F1693969734937hlVB9_JPEG%2FBE3393EE-6522-4938-961E-3B3856F81A47.jpeg"""
74,팔공티 이마트반야월점,차,0.0,1398,7,대구 동구 안심로 389-2,10:00에 영업 시작,053-965-3080,,,,"{'가성비가 좋아요': 285, '음료가 맛있어요': 274, '차가 맛있어요': 242, '친절해요': 117, '주차하기 편해요': 98, '매장이 청결해요': 74, '특별한 메뉴가 있어요': 40, '디저트가 맛있어요': 37, '대화하기 좋아요': 30, '좌석이 편해요': 16, '화장실이 깨끗해요': 13, '인테리어가 멋져요': 11, '뷰가 좋아요': 11, '집중하기 좋아요': 9, '사진이 잘 나와요': 8, '양이 많아요': 2, '음식이 맛있어요': 1, '오래 머무르기 좋아요': 1}",738,"""https://search.pstatic.net/common/?autoRotate=true&type=w560_sharpen&src=https%3A%2F%2Fldb-phinf.pstatic.net%2F20230829_49%2F1693272196957zP8QX_PNG%2F2023_%25C0%25A5%25BF%25EB_%25B8%25AE%25B4%25BA%25BE%25F3_%25B7%25CE%25B0%25ED_%25283%2529.png"""
75,미소띤 하루,베이커리,4.59,669,134,대구 동구 이노밸리로 168,08:30에 영업 시작,0507-1373-9794,,,,"{'빵이 맛있어요': 381, '친절해요': 99, '특별한 메뉴가 있어요': 82, '매장이 청결해요': 55, '가성비가 좋아요': 53, '커피가 맛있어요': 38, '인테리어가 멋져요': 14, '음료가 맛있어요': 12, '주차하기 편해요': 11, '대화하기 좋아요': 9, '좌석이 편해요': 8, '화장실이 깨끗해요': 8, '디저트가 맛있어요': 7, '사진이 잘 나와요': 7, '뷰가 좋아요': 6, '건강한 맛이에요': 4, '집중하기 좋아요': 3, '음식이 맛있어요': 1, '메뉴 구성이 알차요': 1, '비싼 만큼 가치있어요': 1}",454,"""https://search.pstatic.net/common/?autoRotate=true&type=w560_sharpen&src=https%3A%2F%2Fldb-phinf.pstatic.net%2F20230102_238%2F1672625145442INKsj_JPEG%2F0F1A1051."""
76,소담화,케이크전문,0.0,11,60,대구 동구 이노밸리로54길 12-7 1층 소담화,10:00에 영업 시작,0507-1398-0801,,,,"{'친절해요': 10, '선물하기 좋아요': 9, '특별한 메뉴가 있어요': 8, '디저트가 맛있어요': 7, '매장이 청결해요': 7, '인테리어가 멋져요': 1, '주차하기 편해요': 1, '가성비가 좋아요': 1}",10,"""https://search.pstatic.net/common/?autoRotate=true&type=w560_sharpen&src=https%3A%2F%2Fldb-phinf.pstatic.net%2F20220201_51%2F16436899534718IEw6_JPEG%2FKakaoTalk_20220201_133155358_06.jpg"""
77,트롤리케이크,베이커리,0.0,58,29,"대구 동구 이노밸리로54길 2 1층(신서동, 푸른꿈) 트롤리케이크 trollycake",11:00에 영업 시작,0507-1495-0822,,,,"{'친절해요': 51, '매장이 청결해요': 35, '디저트가 맛있어요': 29, '인테리어가 멋져요': 27, '선물하기 좋아요': 24, '특별한 메뉴가 있어요': 23, '빵이 맛있어요': 22, '주차하기 편해요': 19, '사진이 잘 나와요': 14, '가성비가 좋아요': 10, '좌석이 편해요': 1, '음료가 맛있어요': 1, '비싼 만큼 가치있어요': 1, '특별한 날 가기 좋아요': 1, '대화하기 좋아요': 1}",58,"""https://search.pstatic.net/common/?autoRotate=true&type=w560_sharpen&src=https%3A%2F%2Fldb-phinf.pstatic.net%2F20221021_228%2F1666339046445enG7L_JPEG%2F5FF26283-E2BE-4845-857A-C37E23B1EFAE.jpeg"""
78,배스킨라빈스 대구반야월이마트,아이스크림,4.52,1444,13,대구 동구 안심로 389-2 이마트 반야월점,10:00에 영업 시작,053-962-3131,,,,,,"""https://search.pstatic.net/common/?autoRotate=true&type=w560_sharpen&src=https%3A%2F%2Fldb-phinf.pstatic.net%2F20190207_263%2F1549518073913VHxxg_JPEG%2FWzOVG98BAb-9oaMe84QYeDV3.jpg"""
79,카페요거요거,"카페,디저트",0.0,217,30,대구 동구 이노밸리로36길 11 대민빌딩 108. 109호,11:30에 영업 시작,0507-1369-0433,,,,"{'디저트가 맛있어요': 171, '특별한 메뉴가 있어요': 140, '친절해요': 117, '매장이 청결해요': 112, '커피가 맛있어요': 71, '음료가 맛있어요': 66, '인테리어가 멋져요': 54, '가성비가 좋아요': 51, '대화하기 좋아요': 29, '좌석이 편해요': 19, '사진이 잘 나와요': 19, '집중하기 좋아요': 13, '주차하기 편해요': 9, '뷰가 좋아요': 8, '포장이 깔끔해요': 4, '아늑해요': 3, '음식이 맛있어요': 3, '재료가 신선해요': 3, '메뉴 구성이 알차요': 3, '건강한 맛이에요': 3, '종류가 다양해요': 3, '선물하기 좋아요': 2, '차분한 분위기에요': 1, '빵이 맛있어요': 1, '주문제작을 잘해줘요': 1, '양이 많아요': 1, '화장실이 깨끗해요': 1}",217,"""https://search.pstatic.net/common/?autoRotate=true&type=w560_sharpen&src=https%3A%2F%2Fldb-phinf.pstatic.net%2F20230818_224%2F1692324464167FyDVU_JPEG%2F20230621_112557.jpg"""
80,더벤티 대구신서혁신도시점,카페,0.0,304,2,대구 동구 이노밸리로 322 138호,08:00에 영업 시작,053-962-0065,,,,,,"""https://search.pstatic.net/common/?autoRotate=true&type=w560_sharpen&src=https%3A%2F%2Fldb-phinf.pstatic.net%2F20200617_94%2F1592362308610bnDTF_JPEG%2FguxhSS81pQo8vNapEfQwT65_.jpg"""
81,카페몬테스,"카페,디저트",0.0,80,6,대구 동구 첨단로 30 이노빌딩,08:00에 영업 시작,070-4120-7889,,,,"{'커피가 맛있어요': 47, '친절해요': 37, '음료가 맛있어요': 32, '매장이 청결해요': 26, '가성비가 좋아요': 23, '디저트가 맛있어요': 18, '인테리어가 멋져요': 16, '특별한 메뉴가 있어요': 12, '좌석이 편해요': 10, '대화하기 좋아요': 9, '사진이 잘 나와요': 6, '화장실이 깨끗해요': 2, '집중하기 좋아요': 1, '뷰가 좋아요': 1}",78,"""https://search.pstatic.net/common/?autoRotate=true&type=w560_sharpen&src=https%3A%2F%2Fldb-phinf.pstatic.net%2F20230524_99%2F168489566007427LvF_JPEG%2F0B32AF25-C41A-48FE-9551-10D97AA8AC3E.jpeg"""
82,더리터 신서혁신도시점,테이크아웃커피,0.0,53,1,대구 동구 이노밸리로 322 비젼스퀘어 1층 155호,07:30에 영업 시작,0507-877-3374,,,,"{'가성비가 좋아요': 19, '커피가 맛있어요': 18, '음료가 맛있어요': 14, '친절해요': 14, '디저트가 맛있어요': 6, '주차하기 편해요': 3, '특별한 메뉴가 있어요': 3, '매장이 청결해요': 3, '좌석이 편해요': 2, '집중하기 좋아요': 2, '인테리어가 멋져요': 1, '대화하기 좋아요': 1}",53,"""https://search.pstatic.net/common/?autoRotate=true&type=w560_sharpen&src=https%3A%2F%2Fldb-phinf.pstatic.net%2F20230114_34%2F16736815821509U4nb_JPEG%2F1672203614716.jpg"""
83,카페봄봄 안심점,카페,0.0,95,2,대구 동구 안심로 389 1층 105호,08:30에 영업 시작,053-965-1421,,,,,,"""https://search.pstatic.net/common/?autoRotate=true&type=w560_sharpen&src=https%3A%2F%2Fldb-phinf.pstatic.net%2F20230110_200%2F1673331914105u83xk_JPEG%2FKakaoTalk_20230110_152427176_02.jpg"""
84,빽다방 대구동호점,테이크아웃커피,4.6,581,5,대구 동구 동호로 89 동화해오름타운 상가,07:30에 영업 시작,053-965-2224,,,,"{'커피가 맛있어요': 219, '음료가 맛있어요': 174, '가성비가 좋아요': 164, '친절해요': 110, '매장이 청결해요': 69, '디저트가 맛있어요': 35, '대화하기 좋아요': 22, '특별한 메뉴가 있어요': 16, '좌석이 편해요': 13, '인테리어가 멋져요': 9, '사진이 잘 나와요': 3, '집중하기 좋아요': 2, '화장실이 깨끗해요': 2, '종류가 다양해요': 1}",451,"""https://search.pstatic.net/common/?autoRotate=true&type=w560_sharpen&src=https%3A%2F%2Fldb-phinf.pstatic.net%2F20210518_236%2F1621300158780NOpkz_JPEG%2F2EdFEfbQNThqfrpii1iYsUWd.jpg"""
85,매스커피 신서혁신점,카페,4.38,248,9,대구 동구 첨단로 30,07:30에 영업 시작,053-965-9666,,,,"{'커피가 맛있어요': 85, '가성비가 좋아요': 48, '친절해요': 44, '음료가 맛있어요': 39, '디저트가 맛있어요': 21, '매장이 청결해요': 16, '대화하기 좋아요': 16, '특별한 메뉴가 있어요': 9, '집중하기 좋아요': 7, '좌석이 편해요': 6, '주차하기 편해요': 2, '화장실이 깨끗해요': 2, '뷰가 좋아요': 2, '음식이 빨리 나와요': 1, '인테리어가 멋져요': 1, '음악이 좋아요': 1, '사진이 잘 나와요': 1, '종류가 다양해요': 1}",150,"""https://search.pstatic.net/common/?autoRotate=true&type=w560_sharpen&src=https%3A%2F%2Fldb-phinf.pstatic.net%2F20150831_65%2F14409943045843oy14_JPEG%2F156681535643540_0.jpeg"""
86,쏠커피,테이크아웃커피,4.44,114,26,대구 동구 이노밸리로 322,10:00에 영업 시작,053-963-2948,,,,"{'커피가 맛있어요': 35, '가성비가 좋아요': 19, '음료가 맛있어요': 15, '친절해요': 12, '주차하기 편해요': 7, '대화하기 좋아요': 7, '인테리어가 멋져요': 2, '사진이 잘 나와요': 2, '매장이 청결해요': 2, '집중하기 좋아요': 2, '좌석이 편해요': 1, '디저트가 맛있어요': 1, '음식이 빨리 나와요': 1, '특별한 메뉴가 있어요': 1, '차가 맛있어요': 1}",64,"""https://search.pstatic.net/common/?autoRotate=true&type=w560_sharpen&src=https%3A%2F%2Fldb-phinf.pstatic.net%2F20190703_299%2F1562133114151FFOiF_JPEG%2FZ7WUNPkyl2xgyS57f1IOMqTJ.jpeg.jpg"""
87,슈퍼몬스터 키즈카페,"키즈카페,실내놀이터",0.0,159,5,대구 동구 안심로 389-5 더 블럭 쇼핑몰 가동 203호,12:00에 영업 시작,0507-1372-7978,,"실내에서 맘껏 뛸 수 있는 키즈카페가 실제 몇 개나 있을까요
앉아서 놀기만 하는 , 주물럭 거리며 손장난만하는 ,
알록달록 이쁘기만한 , 먹고 시간만 떼우는 그런 키즈카페는 아닙니다
300여평의 넓은 공간에서 맘껏 뛰며 소리치고 에너지를 발산하세요

밤이 되도 안 자고 , 힘이 남아도는 귀한 친구들
아이방에 불이 늦게 꺼질수록 병원은 정말 좋아합니다

슈퍼몬스터는
애초에 기절을 목표로 삼았습니다 기진맥진이 가게 모토입니다
3시간이상 놀고나면 집에가서, 기절 할 수 있도록요,,

트렘플린에서
제자리 높이뛰기,앉았다 일어나기,누웠다 일어나기,공중회전,
피구까지
급경사 트렘플린에 뛰어오르고 미끄러져 내려오고

전국에서 제일 큰, 만개가 넘는 스펀지 바다,
트렘플린 선수들 6~7m 높이로
연습하다 떨어지니 말라고 하는 시설입니다
물 보다 안전하고 물 먹는 일도 없어요, 샤워하고, 옷갈아 입히고...
스펀지 바다에서는 이런거 다 필요 없어요
스릴만점 3단 다이빙 대에서 뛰어 내리고, 궁중회전해서 뛰어들고
3m 높이의 암벽등반 코스까지 가는 것 만으로도 너무 힘든데
올라가서 또 스펀지 풀에 점프 해, 바로도, 뒤로도, 뛰어 들고 ,
 갖갖이 놀이를 하고, 짬짬히 쉴 때마다

역활놀이며, 편백, 블럭,로프타기, 대형볼풀 미끄럼까지,
부모님 맘먹고 왔다갔다만 하시면
최소 2시간으로도, *기절모드*에 돌입합니다

트렘플린은 원래 어른 놀이고, 올림픽 경기종목 이기도 합니다
엄청난 칼로리를 소진합니다
미국은 1000평식 되는 곳에, 6~7m 이상 뛰고 떨어지며,
단순 아이들 노는 곳이 아니라,
어른이 노는 익스트림스포츠 공간으로 ,
임산부, 다이어트, 지방 파괴 교실등 너무나 많은 수업도 있습니다

아이들의 성장판 자극과 , 폐활량, 근력 운동에도 너무 좋아
수영장은 못 지어도 마당에 트렘플린을 놓아주기 시작한 겁니다
태권도장 만큼, 많은 트렘플린 전문 트렘플린 운동클럽이 있습니다

유아에 업무에 운동할 시간이 없으시다구요?
오셔서 그냥 같이 놀아만 주세요
어느새 땀이 송글송글 ,, 숨은 헐떡헐떡 ...충분한 운동이 됩니다

같이 못 놀아줘서 언제나 안타까운 부모의 마음.
3학년되어 문닫고 자기방 들어가면 옆에도 오기 힘들어져요 ^^....

소중한 추억도 쌓고 ,
맘껏 소리치며 같이 놀아주고 싶을때,
또는 , 애들끼리 놀게하면서 정말 조용히 쉬고 싶을떄..
주말 나들이에 집에가서 또 저녁하기 싫을 때 .
멀리 다녀와서 차안의 아이들은 아직 밧데리 방전이 안되었을 때
모처럼 만난 친구와 수다도 떨고 싶은데 아이들이 ... 영.....
슈퍼몬스터에 놀러오시면 전부 해결 됩니다

중요팁!! 초반에는 트렘플린에서 놀줄을 모릅니다
요령도, 놀이도 알려주고 잘한다, 잘한다, 칭찬만 많이 해 주시면
그 뒤에는 자동으로 돌아갑니다. 무슨뜻인지 잘 아시지요~~

놀이가 건강이 되는곳
사랑하는 아이의 저항력 증진이 진정한 부모의 사랑입니다",,"{'놀거리가 많아요': 111, '공간이 넓어요': 97, '친절해요': 87, '부모도 쉬기 좋아요': 67, '가격이 합리적이에요': 59, '매장이 청결해요': 45, '안전하게 관리해요': 44, '테마가 재미있어요': 32, '음료가 맛있어요': 20, '주차하기 편해요': 14, '음식이 맛있어요': 11, '체험 프로그램이 많아요': 10, '화장실이 깨끗해요': 5, '커피가 맛있어요': 2}",156,"""https://search.pstatic.net/common/?autoRotate=true&type=w560_sharpen&src=https%3A%2F%2Fldb-phinf.pstatic.net%2F20220722_24%2F1658467512860IW0Pj_PNG%2F%25BD%25B4%25B8%25F3_%25B1%25D7%25B8%25B2_%25C0%25FA%25BF%25EB%25B7%25AE.png"""
88,일리터맥스 반야월점,"카페,디저트",0.0,28,0,대구 동구 동호로7길 48-1 1층,10:00에 영업 시작,0503-6212-8492,,,,"{'가성비가 좋아요': 14, '커피가 맛있어요': 7, '친절해요': 7, '디저트가 맛있어요': 4, '특별한 메뉴가 있어요': 4, '매장이 청결해요': 3, '음료가 맛있어요': 2, '인테리어가 멋져요': 1, '양이 많아요': 1, '포장이 깔끔해요': 1, '화장실이 깨끗해요': 1}",26,"""https://search.pstatic.net/common/?autoRotate=true&type=w560_sharpen&src=https%3A%2F%2Fldb-phinf.pstatic.net%2F20230303_243%2F1677799113749vylT5_JPEG%2F%25BA%25A3%25B3%25CA.jpg"""
89,델리브,"카페,디저트",4.59,156,13,대구 동구 첨단로 30,11/17 휴무,0507-1314-1161,,,,"{'커피가 맛있어요': 33, '친절해요': 17, '음료가 맛있어요': 16, '매장이 청결해요': 13, '특별한 메뉴가 있어요': 10, '인테리어가 멋져요': 9, '대화하기 좋아요': 9, '디저트가 맛있어요': 8, '사진이 잘 나와요': 5, '좌석이 편해요': 4, '가성비가 좋아요': 4, '주문제작을 잘해줘요': 1, '집중하기 좋아요': 1, '화장실이 깨끗해요': 1}",66,
90,제니제과,"카페,디저트",0.0,31,18,대구 동구 신서로21길 3-6 1층 제니제과,15:00에 영업 시작,0507-1350-1524,,,,"{'디저트가 맛있어요': 27, '친절해요': 18, '인테리어가 멋져요': 17, '매장이 청결해요': 16, '사진이 잘 나와요': 15, '가성비가 좋아요': 12, '특별한 메뉴가 있어요': 9, '커피가 맛있어요': 8, '음료가 맛있어요': 4, '주차하기 편해요': 4, '대화하기 좋아요': 2, '좌석이 편해요': 1, '아늑해요': 1, '재료가 신선해요': 1, '선물하기 좋아요': 1, '아이와 가기 좋아요': 1, '화장실이 깨끗해요': 1, '종류가 다양해요': 1}",31,"""https://search.pstatic.net/common/?autoRotate=true&type=w560_sharpen&src=https%3A%2F%2Fldb-phinf.pstatic.net%2F20231027_218%2F1698382227560EzuOu_JPEG%2Fscaled_IMG_20231027_134226_406.jpg"""
91,카페 사람이야기 혁신점,"카페,디저트",0.0,57,18,대구 동구 이노밸리로46길 4-9 1동 1층 101호,11:00에 영업 시작,0507-1447-9920,,,,"{'친절해요': 34, '커피가 맛있어요': 33, '대화하기 좋아요': 19, '음료가 맛있어요': 16, '매장이 청결해요': 16, '가성비가 좋아요': 11, '특별한 메뉴가 있어요': 11, '디저트가 맛있어요': 10, '주차하기 편해요': 9, '화장실이 깨끗해요': 8, '좌석이 편해요': 6, '인테리어가 멋져요': 6, '사진이 잘 나와요': 2, '집중하기 좋아요': 2, '아늑해요': 1, '아이와 가기 좋아요': 1, '차가 맛있어요': 1, '뷰가 좋아요': 1}",57,"""https://search.pstatic.net/common/?autoRotate=true&type=w560_sharpen&src=https%3A%2F%2Fldb-phinf.pstatic.net%2F20211102_120%2F1635844076727EfnNf_JPEG%2FSdm1qmB6dph-8K3Cb1fu2bh2.jpg"""
92,청담커피 신서점,카페,0.0,39,6,대구 동구 첨단로8길 1 미소빌딩 1층 109호,09:00에 영업 시작,0507-1368-3636,,,,"{'커피가 맛있어요': 21, '가성비가 좋아요': 18, '음료가 맛있어요': 14, '친절해요': 12, '디저트가 맛있어요': 8, '특별한 메뉴가 있어요': 7, '매장이 청결해요': 6, '인테리어가 멋져요': 4, '사진이 잘 나와요': 3, '집중하기 좋아요': 1, '대화하기 좋아요': 1, '뷰가 좋아요': 1}",34,"""https://search.pstatic.net/common/?autoRotate=true&type=w560_sharpen&src=https%3A%2F%2Fldb-phinf.pstatic.net%2F20221230_107%2F1672389286776jehcu_PNG%2F%25C0%25BD%25B0%25A2%25B7%25CE%25B0%25ED_%25C0%25BD%25B0%25A2.png"""
93,마시그래이 동호점,카페,4.58,400,1,대구 동구 동호로 89,,053-965-5570,,,,"{'커피가 맛있어요': 137, '음료가 맛있어요': 100, '가성비가 좋아요': 99, '디저트가 맛있어요': 35, '친절해요': 30, '특별한 메뉴가 있어요': 29, '매장이 청결해요': 10, '인테리어가 멋져요': 9, '대화하기 좋아요': 9, '좌석이 편해요': 6, '뷰가 좋아요': 6, '주차하기 편해요': 5, '사진이 잘 나와요': 5, '집중하기 좋아요': 5, '화장실이 깨끗해요': 4}",257,"""https://search.pstatic.net/common/?autoRotate=true&type=w560_sharpen&src=https%3A%2F%2Fldb-phinf.pstatic.net%2F20190123_185%2F1548176298513xuamg_JPEG%2FqIf_XDbg8rD288GrSkl6GKnJ.jpg"""
94,파리바게뜨 대구혁신청사점,베이커리,4.38,395,4,"대구 동구 첨단로8길 1 (신서동 1147) 102,103호",07:00에 영업 시작,053-961-5930,,,,"{'빵이 맛있어요': 126, '친절해요': 50, '커피가 맛있어요': 27, '매장이 청결해요': 21, '가성비가 좋아요': 19, '음료가 맛있어요': 14, '특별한 메뉴가 있어요': 13, '대화하기 좋아요': 9, '좌석이 편해요': 6, '인테리어가 멋져요': 5, '주차하기 편해요': 2, '사진이 잘 나와요': 2, '집중하기 좋아요': 2, '매장이 넓어요': 1, '뷰가 좋아요': 1}",196,"""https://search.pstatic.net/common/?autoRotate=true&type=w560_sharpen&src=https%3A%2F%2Fldb-phinf.pstatic.net%2F20220413_210%2F1649837093173G1qJr_PNG%2Fimage.png"""
95,카페블레스,"카페,디저트",0.0,301,2,대구 동구 안심로55길 20 3층,10:00에 영업 시작,053-960-7092,,,,"{'디저트가 맛있어요': 151, '커피가 맛있어요': 147, '가성비가 좋아요': 103, '인테리어가 멋져요': 82, '음료가 맛있어요': 77, '친절해요': 73, '주차하기 편해요': 68, '대화하기 좋아요': 61, '매장이 청결해요': 58, '좌석이 편해요': 47, '사진이 잘 나와요': 27, '집중하기 좋아요': 27, '특별한 메뉴가 있어요': 22, '화장실이 깨끗해요': 20, '뷰가 좋아요': 17}",292,"""https://search.pstatic.net/common/?autoRotate=true&type=w560_sharpen&src=https%3A%2F%2Fldb-phinf.pstatic.net%2F20220911_232%2F1662868310340x9Cla_JPEG%2FGT__1029."""
96,카페인중독 대구각산점,와플,0.0,91,2,대구 동구 반야월북로 172 1층 101호,10:30에 영업 시작,0507-0284-4797,,,,"{'디저트가 맛있어요': 50, '커피가 맛있어요': 23, '음료가 맛있어요': 22, '친절해요': 22, '가성비가 좋아요': 11, '특별한 메뉴가 있어요': 11, '매장이 청결해요': 10, '좌석이 편해요': 6, '주차하기 편해요': 6, '인테리어가 멋져요': 3, '사진이 잘 나와요': 3, '집중하기 좋아요': 3, '대화하기 좋아요': 2, '화장실이 깨끗해요': 1, '뷰가 좋아요': 1}",87,"""https://search.pstatic.net/common/?autoRotate=true&type=w560_sharpen&src=https%3A%2F%2Fldb-phinf.pstatic.net%2F20220609_227%2F1654771063292LQmGP_JPEG%2FAF0E5954-EF39-4DF6-8D79-8CE869CB0CD4.jpeg"""
97,카페봄봄 혁신도시점,카페,0.0,115,2,대구 동구 이노밸리로 322 153호 봄봄카페,07:30에 영업 시작,0507-1856-7771,,,,"{'커피가 맛있어요': 49, '가성비가 좋아요': 47, '음료가 맛있어요': 37, '친절해요': 18, '디저트가 맛있어요': 9, '특별한 메뉴가 있어요': 7, '주차하기 편해요': 4, '사진이 잘 나와요': 4, '대화하기 좋아요': 4, '인테리어가 멋져요': 3, '좌석이 편해요': 2, '매장이 청결해요': 2, '화장실이 깨끗해요': 2, '뷰가 좋아요': 2, '집중하기 좋아요': 1}",114,"""https://search.pstatic.net/common/?autoRotate=true&type=w560_sharpen&src=https%3A%2F%2Fldb-phinf.pstatic.net%2F20220330_285%2F16486268630910txV2_JPEG%2F5E38463F-9A63-4B5C-96D7-6D2EA82FD229.jpeg"""
98,몬스터커피 대구신서점,카페,4.5,208,6,대구 동구 신서로 40 1층,,0507-0289-4489,,,,"{'커피가 맛있어요': 110, '음료가 맛있어요': 53, '가성비가 좋아요': 46, '친절해요': 33, '매장이 청결해요': 19, '대화하기 좋아요': 12, '인테리어가 멋져요': 10, '디저트가 맛있어요': 8, '좌석이 편해요': 6, '사진이 잘 나와요': 4, '집중하기 좋아요': 4, '주차하기 편해요': 2, '특별한 메뉴가 있어요': 2, '화장실이 깨끗해요': 2, '메뉴 구성이 알차요': 1, '뷰가 좋아요': 1}",194,
99,뚜레쥬르 대구동호점,베이커리,4.37,909,4,대구 동구 금강로 2,,053-961-0095,,,,"{'빵이 맛있어요': 323, '친절해요': 90, '매장이 청결해요': 65, '특별한 메뉴가 있어요': 26, '가성비가 좋아요': 24, '음료가 맛있어요': 23, '커피가 맛있어요': 19, '인테리어가 멋져요': 18, '대화하기 좋아요': 8, '좌석이 편해요': 6, '주차하기 편해요': 6, '사진이 잘 나와요': 4, '뷰가 좋아요': 4, '화장실이 깨끗해요': 3, '디저트가 맛있어요': 1, '집중하기 좋아요': 1, '종류가 다양해요': 1}",434,"""https://search.pstatic.net/common/?autoRotate=true&type=w560_sharpen&src=https%3A%2F%2Fldb-phinf.pstatic.net%2F20210106_72%2F1609892145530WzQVO_PNG%2F8_hfbMTE1Wa5P5y89_erZL6Y.png"""
100,원유로커피 대구DT점,카페,0.0,44,4,대구 동구 혁신대로 409,,0507-0289-5696,,,,"{'가성비가 좋아요': 15, '커피가 맛있어요': 14, '친절해요': 14, '음료가 맛있어요': 7, '주차하기 편해요': 5, '매장이 청결해요': 5, '디저트가 맛있어요': 4, '인테리어가 멋져요': 2, '좌석이 편해요': 1, '특별한 메뉴가 있어요': 1, '집중하기 좋아요': 1, '대화하기 좋아요': 1}",40,"""https://search.pstatic.net/common/?autoRotate=true&type=w560_sharpen&src=https%3A%2F%2Fldb-phinf.pstatic.net%2F20220104_237%2F16412702512146RpOI_JPEG%2FQjjJQSTxa9PEjZTxsVGDAWxb.jpeg.jpg"""
101,혁이네 스트릿푸드,"카페,디저트",0.0,40,6,대구 동구 메디밸리로8길 4-2 1층,14:30에 영업 시작,0507-1394-8445,,,,"{'친절해요': 26, '매장이 청결해요': 18, '디저트가 맛있어요': 16, '가성비가 좋아요': 15, '특별한 메뉴가 있어요': 14, '음식이 맛있어요': 13, '음료가 맛있어요': 7, '재료가 신선해요': 6, '아이와 가기 좋아요': 5, '양이 많아요': 3, '주차하기 편해요': 3, '사진이 잘 나와요': 2, '집중하기 좋아요': 2, '대화하기 좋아요': 2, '커피가 맛있어요': 1, '아늑해요': 1, '혼술하기 좋아요': 1, '음식이 빨리 나와요': 1, '포장이 깔끔해요': 1, '화장실이 깨끗해요': 1}",40,"""https://search.pstatic.net/common/?autoRotate=true&type=w560_sharpen&src=https%3A%2F%2Fldb-phinf.pstatic.net%2F20230915_161%2F1694750440572aIuja_JPEG%2FIMG_8054.jpeg"""
102,Yeni ga,"카페,디저트",4.26,56,6,대구 동구 신서동 1147-3,10:00에 영업 시작,0507-1302-1354,,,,"{'커피가 맛있어요': 12, '친절해요': 4, '디저트가 맛있어요': 3, '매장이 청결해요': 3, '대화하기 좋아요': 3, '음료가 맛있어요': 2, '가성비가 좋아요': 2, '특별한 메뉴가 있어요': 2, '좌석이 편해요': 1, '사진이 잘 나와요': 1, '집중하기 좋아요': 1, '뷰가 좋아요': 1}",23,"""https://search.pstatic.net/common/?autoRotate=true&type=w560_sharpen&src=https%3A%2F%2Fldb-phinf.pstatic.net%2F20180507_38%2F1525657034905VSVl9_JPEG%2FnpDgHOE3O-_XBUcb4HV-IRcr.jpg"""
103,꽃과차 라라랜드,"카페,디저트",4.57,60,58,대구 동구 메디밸리로8길 4-10,10:00에 영업 시작,0504-2015-3783,,,,"{'디저트가 맛있어요': 21, '음료가 맛있어요': 18, '친절해요': 17, '인테리어가 멋져요': 14, '커피가 맛있어요': 13, '가성비가 좋아요': 11, '특별한 메뉴가 있어요': 9, '대화하기 좋아요': 9, '사진이 잘 나와요': 7, '주차하기 편해요': 6, '매장이 청결해요': 6, '좌석이 편해요': 5, '집중하기 좋아요': 2, '뷰가 좋아요': 2, '컨셉이 독특해요': 1, '아늑해요': 1, '종류가 다양해요': 1}",43,"""https://search.pstatic.net/common/?autoRotate=true&type=w560_sharpen&src=https%3A%2F%2Fldb-phinf.pstatic.net%2F20220519_14%2F1652889803392vE1CV_JPEG%2FIMG_20220515_142224_105.jpg"""
104,모아나테이블,"카페,디저트",5.0,46,26,대구 동구 동호로 50-1 1층 MOANATABLE,연중무휴,0507-1351-8315,,,,"{'디저트가 맛있어요': 27, '친절해요': 23, '특별한 메뉴가 있어요': 22, '매장이 청결해요': 20, '인테리어가 멋져요': 12, '음료가 맛있어요': 8, '커피가 맛있어요': 7, '가성비가 좋아요': 5, '대화하기 좋아요': 3, '집중하기 좋아요': 2, '화장실이 깨끗해요': 2, '뷰가 좋아요': 2, '좌석이 편해요': 1, '주차하기 편해요': 1, '사진이 잘 나와요': 1}",44,"""https://search.pstatic.net/common/?autoRotate=true&type=w560_sharpen&src=https%3A%2F%2Fldb-phinf.pstatic.net%2F20220813_113%2F1660318671132zW7w9_JPEG%2FKakaoTalk_20210726_113243572_15.jpg"""
105,마시그래이 각산점,카페,4.52,358,9,대구 동구 경안로 790-51,08:30에 영업 시작,053-963-4545,,,,"{'커피가 맛있어요': 113, '음료가 맛있어요': 58, '가성비가 좋아요': 49, '친절해요': 32, '디저트가 맛있어요': 18, '매장이 청결해요': 13, '대화하기 좋아요': 11, '집중하기 좋아요': 7, '특별한 메뉴가 있어요': 6, '좌석이 편해요': 4, '인테리어가 멋져요': 3, '화장실이 깨끗해요': 3, '사진이 잘 나와요': 2, '주차하기 편해요': 1, '뷰가 좋아요': 1}",206,"""https://search.pstatic.net/common/?autoRotate=true&type=w560_sharpen&src=https%3A%2F%2Fldb-phinf.pstatic.net%2F20180330_165%2F1522379398442rBhOT_JPEG%2F27hs0LkUmmB9upukrHc_JVgI.jpg"""
106,똑똑블럭 이마트 반야월점,"키즈카페,실내놀이터",4.82,24,2,대구 동구 안심로 389-2,1.18.수,053-965-1888,,,,"{'주차하기 편해요': 4, '친절해요': 3, '안전하게 관리해요': 2, '부모도 쉬기 좋아요': 2, '놀거리가 많아요': 2, '체험 프로그램이 많아요': 2, '테마가 재미있어요': 2, '화장실이 깨끗해요': 2, '가격이 합리적이에요': 1, '매장이 청결해요': 1}",13,"""https://search.pstatic.net/common/?autoRotate=true&type=w560_sharpen&src=https%3A%2F%2Fldb-phinf.pstatic.net%2F20210327_158%2F16168352458188Unq6_JPEG%2FXRLlEJy7VCESIuHM8NZkIgqB.jpg"""
107,CAFE 씨:게시판,"카페,디저트",0.0,13,2,대구 동구 이노밸리로 322 114호,08:00에 영업 시작,053-965-9511,,,,"{'가성비가 좋아요': 11, '커피가 맛있어요': 8, '음료가 맛있어요': 3, '친절해요': 3, '매장이 청결해요': 3, '인테리어가 멋져요': 2, '주차하기 편해요': 1, '사진이 잘 나와요': 1, '특별한 메뉴가 있어요': 1, '대화하기 좋아요': 1}",13,"""https://search.pstatic.net/common/?autoRotate=true&type=w560_sharpen&src=https%3A%2F%2Fldb-phinf.pstatic.net%2F20230908_71%2F1694100070089sDc9x_JPEG%2FIMG_5623.jpeg"""
108,더리터 대구혁신점,테이크아웃커피,4.34,379,11,대구 동구 메디밸리로 19,07:30에 영업 시작,0507-0289-5200,,,,,,"""https://search.pstatic.net/common/?autoRotate=true&type=w560_sharpen&src=https%3A%2F%2Fldb-phinf.pstatic.net%2F20191218_285%2F1576635033302y324f_JPEG%2FDS1zWhRTUR8HZtUhffPyfxHt.jpg"""
109,카페코코,"카페,디저트",4.13,44,6,대구 동구 이노밸리로 309,10:00에 영업 시작,010-5003-6863,,,,,,"""https://search.pstatic.net/common/?autoRotate=true&type=w560_sharpen&src=https%3A%2F%2Fldb-phinf.pstatic.net%2F20170324_13%2F1490331109607GBeBj_JPEG%2F186273536069764_0.jpeg"""
110,카페게이트 대구혁신점,카페,0.0,142,3,대구 동구 메디밸리로 13 101호,08:00에 영업 시작,0507-0289-4729,,,,"{'커피가 맛있어요': 69, '음료가 맛있어요': 48, '가성비가 좋아요': 39, '친절해요': 38, '매장이 청결해요': 21, '디저트가 맛있어요': 17, '특별한 메뉴가 있어요': 11, '대화하기 좋아요': 11, '인테리어가 멋져요': 10, '좌석이 편해요': 7, '집중하기 좋아요': 6, '사진이 잘 나와요': 3, '주차하기 편해요': 2, '뷰가 좋아요': 2, '아늑해요': 1, '음식이 빨리 나와요': 1, '포장이 깔끔해요': 1, '화장실이 깨끗해요': 1}",137,"""https://search.pstatic.net/common/?autoRotate=true&type=w560_sharpen&src=https%3A%2F%2Fldb-phinf.pstatic.net%2F20220804_15%2F1659572328755ncILN_JPEG%2F1656834115425.jpg"""
111,잇브레드 대구동호점,베이커리,4.46,399,4,대구 동구 동호로5길 2,07:30에 영업 시작,053-965-0311,,,,"{'빵이 맛있어요': 172, '가성비가 좋아요': 77, '친절해요': 41, '특별한 메뉴가 있어요': 13, '음료가 맛있어요': 9, '매장이 청결해요': 9, '커피가 맛있어요': 8, '인테리어가 멋져요': 7, '주차하기 편해요': 3, '화장실이 깨끗해요': 3, '좌석이 편해요': 2, '사진이 잘 나와요': 2}",226,"""https://search.pstatic.net/common/?autoRotate=true&type=w560_sharpen&src=https%3A%2F%2Fldb-phinf.pstatic.net%2F20200321_285%2F1584758408640iMnrE_JPEG%2F79ekgeuZRYu7DGvwJcgci9R4.jpeg.jpg"""
112,블링스톤커피 앤 베이커리,"카페,디저트",0.0,24,7,대구 동구 금강로 10 1층,11:00에 영업 시작,053-721-7608,,,,"{'좌석이 편해요': 10, '친절해요': 9, '커피가 맛있어요': 7, '매장이 청결해요': 6, '대화하기 좋아요': 6, '디저트가 맛있어요': 5, '음료가 맛있어요': 5, '가성비가 좋아요': 4, '화장실이 깨끗해요': 4, '주차하기 편해요': 3, '집중하기 좋아요': 3, '인테리어가 멋져요': 1}",23,"""https://search.pstatic.net/common/?autoRotate=true&type=w560_sharpen&src=https%3A%2F%2Fldb-phinf.pstatic.net%2F20230410_271%2F1681134589859gvqLw_JPEG%2FKakaoTalk_20230402_150243770.jpg"""
113,카페라우드,"카페,디저트",0.0,76,69,대구 동구 과학로6길 6 1층,10:30에 영업 시작,0507-1473-0581,,,,"{'커피가 맛있어요': 53, '친절해요': 39, '디저트가 맛있어요': 35, '인테리어가 멋져요': 32, '매장이 청결해요': 23, '뷰가 좋아요': 16, '사진이 잘 나와요': 15, '대화하기 좋아요': 11, '음료가 맛있어요': 10, '특별한 메뉴가 있어요': 9, '가성비가 좋아요': 6, '집중하기 좋아요': 6, '좌석이 편해요': 4, '주차하기 편해요': 2, '화장실이 깨끗해요': 2, '차분한 분위기에요': 1, '빵이 맛있어요': 1, '아늑해요': 1}",76,"""https://search.pstatic.net/common/?autoRotate=true&type=w560_sharpen&src=https%3A%2F%2Fldb-phinf.pstatic.net%2F20221218_27%2F1671350955414hnG0n_JPEG%2F4BAF143D-4E01-449B-A0A0-0E656CEBCC1C.jpeg"""
114,스윕,"카페,디저트",0.0,33,8,대구 동구 신서로 20 1층,10:30에 영업 시작,0507-1376-4648,,,,"{'친절해요': 22, '커피가 맛있어요': 17, '좌석이 편해요': 12, '매장이 청결해요': 12, '인테리어가 멋져요': 8, '음료가 맛있어요': 7, '가성비가 좋아요': 7, '대화하기 좋아요': 7, '디저트가 맛있어요': 6, '집중하기 좋아요': 4, '사진이 잘 나와요': 3, '특별한 메뉴가 있어요': 2, '주차하기 편해요': 1, '화장실이 깨끗해요': 1, '뷰가 좋아요': 1}",33,"""https://search.pstatic.net/common/?autoRotate=true&type=w560_sharpen&src=https%3A%2F%2Fldb-phinf.pstatic.net%2F20230222_238%2F1677042458347gUlvO_JPEG%2F3C49477F-C40E-4649-99B5-F1286F226CC4.jpeg"""
115,엠엠지,"카페,디저트",0.0,55,8,대구 동구 동호로3길 1 1층,11:00에 영업 시작,0502-1931-3215,,,,"{'커피가 맛있어요': 44, '인테리어가 멋져요': 27, '매장이 청결해요': 25, '친절해요': 23, '디저트가 맛있어요': 19, '음료가 맛있어요': 19, '사진이 잘 나와요': 15, '화장실이 깨끗해요': 8, '집중하기 좋아요': 6, '대화하기 좋아요': 6, '가성비가 좋아요': 5, '특별한 메뉴가 있어요': 2, '아이와 가기 좋아요': 1, '주차하기 편해요': 1}",55,"""https://search.pstatic.net/common/?autoRotate=true&type=w560_sharpen&src=https%3A%2F%2Fldb-phinf.pstatic.net%2F20230503_271%2F1683101666977LtH55_JPEG%2FD704FEA4-070D-4C16-90C0-776DEFB85896.jpeg"""
116,청솔로9 동구점,"카페,디저트",4.55,193,15,대구 동구 각산동 404-59,11:00에 영업 시작,0507-877-3517,,,,"{'커피가 맛있어요': 44, '음료가 맛있어요': 38, '디저트가 맛있어요': 32, '친절해요': 28, '가성비가 좋아요': 25, '특별한 메뉴가 있어요': 13, '대화하기 좋아요': 7, '매장이 청결해요': 6, '화장실이 깨끗해요': 2, '뷰가 좋아요': 2, '좌석이 편해요': 1, '사진이 잘 나와요': 1, '집중하기 좋아요': 1}",94,"""https://search.pstatic.net/common/?autoRotate=true&type=w560_sharpen&src=https%3A%2F%2Fldb-phinf.pstatic.net%2F20190822_73%2F1566472980799UQOLa_JPEG%2FMpAlayGpHy36dSDMNA6YErXu.jpg"""
117,빅핸즈 2호점,카페,4.25,161,0,대구 동구 첨단로 53,08:30에 영업 시작,053-230-4493,,,,"{'커피가 맛있어요': 61, '가성비가 좋아요': 32, '친절해요': 26, '음료가 맛있어요': 19, '매장이 청결해요': 14, '대화하기 좋아요': 11, '디저트가 맛있어요': 7, '특별한 메뉴가 있어요': 7, '좌석이 편해요': 5, '주차하기 편해요': 4, '인테리어가 멋져요': 3, '사진이 잘 나와요': 2, '집중하기 좋아요': 2, '화장실이 깨끗해요': 2, '뷰가 좋아요': 2, '아늑해요': 1, '주문제작을 잘해줘요': 1, '음식이 빨리 나와요': 1, '단체모임 하기 좋아요': 1}",132,"""https://search.pstatic.net/common/?autoRotate=true&type=w560_sharpen&src=https%3A%2F%2Fldb-phinf.pstatic.net%2F20230525_223%2F1684988345201Alxv2_JPEG%2FIMG_5403_%25281%2529.jpg"""
118,반야월연꽃마을협동조합,"카페,디저트",4.41,674,5,대구 동구 금강로 153,22.07.15.,053-964-2901,,,,,,
119,회선,"카페,디저트",0.0,37,4,대구 동구 첨단로8길 15 1 층106호,,070-5147-3006,,,,"{'커피가 맛있어요': 15, '친절해요': 14, '음료가 맛있어요': 11, '매장이 청결해요': 11, '대화하기 좋아요': 5, '디저트가 맛있어요': 4, '집중하기 좋아요': 4, '인테리어가 멋져요': 3, '특별한 메뉴가 있어요': 2, '뷰가 좋아요': 2, '좌석이 편해요': 1, '음악이 좋아요': 1, '사진이 잘 나와요': 1}",36,"""https://search.pstatic.net/common/?autoRotate=true&type=w560_sharpen&src=https%3A%2F%2Fldb-phinf.pstatic.net%2F20221027_270%2F1666836261583ezBQ3_JPEG%2FDA0D52F5-693F-44B1-892B-F9644E98CD68.jpeg"""
120,투썸플레이스 반야월역점,카페,4.36,742,29,대구 동구 안심로 267,09:00에 영업 시작,053-964-8825,,,,,,"""https://search.pstatic.net/common/?autoRotate=true&type=w560_sharpen&src=https%3A%2F%2Fldb-phinf.pstatic.net%2F20150901_179%2F1441060204518QbSrP_JPEG%2F146966627942069_0.jpeg"""
121,파스쿠찌 대구신서혁신도시점,카페,4.58,462,24,대구 동구 이노밸리로 166,10:00에 영업 시작,053-965-8497,,,,"{'커피가 맛있어요': 109, '음료가 맛있어요': 60, '디저트가 맛있어요': 49, '친절해요': 46, '대화하기 좋아요': 45, '좌석이 편해요': 40, '매장이 청결해요': 31, '집중하기 좋아요': 21, '인테리어가 멋져요': 18, '주차하기 편해요': 15, '뷰가 좋아요': 15, '특별한 메뉴가 있어요': 12, '화장실이 깨끗해요': 9, '가성비가 좋아요': 7, '사진이 잘 나와요': 3, '아늑해요': 1, '매장이 넓어요': 1, '종류가 다양해요': 1}",251,"""https://search.pstatic.net/common/?autoRotate=true&type=w560_sharpen&src=https%3A%2F%2Fldb-phinf.pstatic.net%2F20200321_231%2F1584792735684S5a7v_JPEG%2FvHNhBJdJiLS2q0_ST4FL_vgY.jpeg.jpg"""
122,더치앤빈 대구신서점,카페,4.37,225,5,대구 동구 반야월북로 226,,,,,,"{'커피가 맛있어요': 70, '친절해요': 24, '음료가 맛있어요': 22, '가성비가 좋아요': 19, '디저트가 맛있어요': 10, '특별한 메뉴가 있어요': 7, '매장이 청결해요': 7, '인테리어가 멋져요': 6, '좌석이 편해요': 4, '대화하기 좋아요': 4, '뷰가 좋아요': 2, '집중하기 좋아요': 1, '화장실이 깨끗해요': 1}",105,"""https://search.pstatic.net/common/?autoRotate=true&type=w560_sharpen&src=https%3A%2F%2Fldb-phinf.pstatic.net%2F20220610_73%2F1654863467225rSXdp_JPEG%2F20220610_211544.jpg"""
123,카페온오프 동구점,카페,4.55,144,13,대구 동구 경안로 824,10:00에 영업 시작,0507-1366-0426,,,,"{'커피가 맛있어요': 35, '음료가 맛있어요': 24, '친절해요': 16, '가성비가 좋아요': 13, '매장이 청결해요': 10, '디저트가 맛있어요': 9, '좌석이 편해요': 4, '사진이 잘 나와요': 4, '대화하기 좋아요': 4, '인테리어가 멋져요': 3, '집중하기 좋아요': 3, '뷰가 좋아요': 2, '음식이 빨리 나와요': 1, '주차하기 편해요': 1, '특별한 메뉴가 있어요': 1, '화장실이 깨끗해요': 1}",60,"""https://search.pstatic.net/common/?autoRotate=true&type=w560_sharpen&src=https%3A%2F%2Fldb-phinf.pstatic.net%2F20200705_142%2F15939268451765HaBt_JPEG%2FXCSKRx6m0hGMinGQjugDo6sr.jpg"""
124,미스터브리즈커피 대구혁신도시점,카페,4.4,57,4,대구 동구 첨복로 27,08:00에 영업 시작,053-944-0808,,,,,,"""https://search.pstatic.net/common/?autoRotate=true&type=w560_sharpen&src=https%3A%2F%2Fldb-phinf.pstatic.net%2F20150831_83%2F14410299876035lrgB_JPEG%2F157055574378967_0.jpeg"""
125,모캄보 대구 혁신도시점,카페,4.57,152,24,대구 동구 경안로 850,08:00에 영업 시작,053-963-6001,,,,"{'커피가 맛있어요': 40, '친절해요': 23, '좌석이 편해요': 18, '디저트가 맛있어요': 18, '음료가 맛있어요': 18, '대화하기 좋아요': 17, '매장이 청결해요': 14, '집중하기 좋아요': 14, '특별한 메뉴가 있어요': 9, '가성비가 좋아요': 8, '인테리어가 멋져요': 7, '화장실이 깨끗해요': 3, '뷰가 좋아요': 3, '사진이 잘 나와요': 2, '양이 많아요': 1}",89,"""https://search.pstatic.net/common/?autoRotate=true&type=w560_sharpen&src=https%3A%2F%2Fldb-phinf.pstatic.net%2F20181119_171%2F1542594313251WHCSI_PNG%2FSvbQM0UFSgpnyS-wW03EmV0y.png"""
126,감성커피 대구혁신도시점,"카페,디저트",4.45,136,9,대구 동구 이노밸리로42길 10-4,09:00에 영업 시작,0507-1320-8803,,,,"{'커피가 맛있어요': 25, '친절해요': 19, '가성비가 좋아요': 18, '음료가 맛있어요': 14, '대화하기 좋아요': 11, '좌석이 편해요': 7, '특별한 메뉴가 있어요': 7, '뷰가 좋아요': 7, '디저트가 맛있어요': 6, '매장이 청결해요': 5, '주차하기 편해요': 3, '인테리어가 멋져요': 2, '집중하기 좋아요': 2, '화장실이 깨끗해요': 2}",68,"""https://search.pstatic.net/common/?autoRotate=true&type=w560_sharpen&src=https%3A%2F%2Fldb-phinf.pstatic.net%2F20180503_56%2F1525334780636UYbvz_JPEG%2Ftq7T1ZknO0jV0YKvz5OJ87JY.jpg"""
127,콩앤콩커피,카페,4.68,117,2,대구 동구 이노밸리로42길 10-18 1층,09:00에 영업 시작,053-964-2240,,,,"{'커피가 맛있어요': 35, '음료가 맛있어요': 15, '친절해요': 14, '가성비가 좋아요': 14, '매장이 청결해요': 10, '대화하기 좋아요': 7, '좌석이 편해요': 6, '인테리어가 멋져요': 5, '주차하기 편해요': 5, '특별한 메뉴가 있어요': 5, '디저트가 맛있어요': 3, '뷰가 좋아요': 3, '집중하기 좋아요': 2, '사진이 잘 나와요': 1}",57,"""https://search.pstatic.net/common/?autoRotate=true&type=w560_sharpen&src=https%3A%2F%2Fldb-phinf.pstatic.net%2F20191114_200%2F1573718718546y2v7A_JPEG%2Fi8E-bY4keUqsZqAyr3-hDLyj.jpg"""
128,배스킨라빈스 대구숙천,아이스크림,0.0,558,27,"대구 동구 메디밸리로 5-25 (대림동) 1층 105호, 106호",10:00에 영업 시작,053-963-0031,,,,,,"""https://search.pstatic.net/common/?autoRotate=true&type=w560_sharpen&src=https%3A%2F%2Fldb-phinf.pstatic.net%2F20190207_263%2F1549518073913VHxxg_JPEG%2FWzOVG98BAb-9oaMe84QYeDV3.jpg"""
129,본죽&비빔밥 대구신서혁신지구점,죽,4.27,296,6,대구 동구 이노밸리로 321 109호,10:00에 영업 시작,053-965-6289,,,,,,"""https://search.pstatic.net/common/?autoRotate=true&type=w560_sharpen&src=https%3A%2F%2Fldb-phinf.pstatic.net%2F20231019_207%2F1697677586024KdOic_PNG%2Fdo-messenger_screenshot.png"""
130,매스커피 각산혁신점,카페,4.43,312,12,대구 동구 이노밸리로 168,08:00에 영업 시작,053-963-3666,,,,"{'커피가 맛있어요': 88, '음료가 맛있어요': 50, '친절해요': 45, '가성비가 좋아요': 39, '대화하기 좋아요': 21, '매장이 청결해요': 19, '디저트가 맛있어요': 10, '좌석이 편해요': 9, '특별한 메뉴가 있어요': 8, '인테리어가 멋져요': 4, '집중하기 좋아요': 4, '사진이 잘 나와요': 2, '아늑해요': 1, '주차하기 편해요': 1, '매장이 넓어요': 1, '화장실이 깨끗해요': 1, '뷰가 좋아요': 1}",169,"""https://search.pstatic.net/common/?autoRotate=true&type=w560_sharpen&src=https%3A%2F%2Fldb-phinf.pstatic.net%2F20150903_48%2F1441258033542wzzOu_PNG%2FSUBMIT_1441258026642_37053489.png"""
131,봄봄 동호지구점,"카페,디저트",4.39,433,3,대구 동구 금강로 13,09:00에 영업 시작,,,,,"{'커피가 맛있어요': 133, '음료가 맛있어요': 77, '가성비가 좋아요': 76, '친절해요': 71, '매장이 청결해요': 23, '특별한 메뉴가 있어요': 14, '디저트가 맛있어요': 9, '대화하기 좋아요': 7, '사진이 잘 나와요': 4, '인테리어가 멋져요': 2, '집중하기 좋아요': 2, '좌석이 편해요': 1, '아늑해요': 1, '비싼 만큼 가치있어요': 1, '화장실이 깨끗해요': 1}",228,
132,아틀리에빈 혁신대림점,카페,4.36,141,18,대구 동구 메디밸리로 9,08:00에 영업 시작,053-965-1305,,,,,,"""https://search.pstatic.net/common/?autoRotate=true&type=w560_sharpen&src=https%3A%2F%2Fldb-phinf.pstatic.net%2F20190711_163%2F1562826542629dg40H_JPEG%2F9RotCOtuzgFZNiIHhwo5KQev.JPG.jpg"""
133,데이앤데이 반야월점,베이커리,4.53,94,0,대구 동구 안심로 389-2,,053-965-8883,,,,"{'빵이 맛있어요': 29, '주차하기 편해요': 14, '가성비가 좋아요': 13, '음료가 맛있어요': 12, '친절해요': 12, '매장이 청결해요': 12, '커피가 맛있어요': 10, '특별한 메뉴가 있어요': 8, '화장실이 깨끗해요': 5, '집중하기 좋아요': 4, '뷰가 좋아요': 4, '인테리어가 멋져요': 3, '대화하기 좋아요': 3, '사진이 잘 나와요': 2, '좌석이 편해요': 1}",74,"""https://search.pstatic.net/common/?autoRotate=true&quality=95&type=w750&src=https%3A%2F%2Fldb-phinf.pstatic.net%2F20150901_216%2F1441044166805NGMgR_GIF%2F11803677_0.g"""
134,숲스토어,"카페,디저트",0.0,48,0,대구 동구 동내로 63,,053-964-9775,,,,,,"""https://search.pstatic.net/common/?autoRotate=true&quality=95&type=w750&src=https%3A%2F%2Fldb-phinf.pstatic.net%2F20200819_42%2F15977728805311U9Ek_JPEG%2For8AnzdQOhoSS5w2MpqwSQIf.jpeg.jpg"""
135,카페큐브,"카페,디저트",0.0,113,8,대구 동구 첨단로8길 8,09:30에 영업 시작,0507-1415-4639,,,,,,
136,카페봄봄 대림점,카페,0.0,114,8,대구 동구 메디밸리로 5-25 1층 108호,08:00에 영업 시작,0507-0289-4372,,,,,,"""https://search.pstatic.net/common/?autoRotate=true&type=w560_sharpen&src=https%3A%2F%2Fldb-phinf.pstatic.net%2F20220307_173%2F1646619713288QQ0Lh_JPEG%2F%25B4%25EB%25B8%25B2%25C1%25A1_%25282%2529.jpg"""
137,하루가 달달,"카페,디저트",4.86,54,2,대구 동구 첨단로8길 16 대신빌딩,,0507-1362-0399,,,,"{'커피가 맛있어요': 21, '친절해요': 17, '가성비가 좋아요': 12, '음료가 맛있어요': 10, '디저트가 맛있어요': 6, '매장이 청결해요': 6, '특별한 메뉴가 있어요': 4, '대화하기 좋아요': 4, '좌석이 편해요': 2, '화장실이 깨끗해요': 1}",40,"""https://search.pstatic.net/common/?autoRotate=true&type=w560_sharpen&src=https%3A%2F%2Fldb-phinf.pstatic.net%2F20220426_133%2F1650950152867GxTEl_JPEG%2F20220411_160014.jpg"""
138,복화단술식혜,"카페,디저트",0.0,31,0,대구 동구 이노밸리로42길 10-14 1층,10:00에 영업 시작,0507-1382-3972,,,,,,"""https://search.pstatic.net/common/?autoRotate=true&quality=95&type=w750&src=https%3A%2F%2Fldb-phinf.pstatic.net%2F20210614_40%2F1623597828170uRzQb_PNG%2FO3AwuZoeCNr2AFJl-hw7Z_KU.png"""
139,뽀로로맘앤키즈카페 이마트 반야월점,"키즈카페,실내놀이터",0.0,675,58,대구 동구 안심로 389-2 이마트 반야월점 1층,11:00에 영업 시작,053-964-5679,,"뽀로로와 함께
즐겁고 신나는 어린이 놀이 공간
노는게 제일좋아!

성인 이용 고객 양말 착용 필수!",,"{'친절해요': 156, '주차하기 편해요': 153, '매장이 청결해요': 148, '놀거리가 많아요': 108, '가격이 합리적이에요': 107, '부모도 쉬기 좋아요': 104, '테마가 재미있어요': 88, '안전하게 관리해요': 85, '음식이 맛있어요': 45, '화장실이 깨끗해요': 40, '음료가 맛있어요': 38, '공간이 넓어요': 19, '체험 프로그램이 많아요': 13, '커피가 맛있어요': 1}",370,"""https://search.pstatic.net/common/?autoRotate=true&type=w560_sharpen&src=https%3A%2F%2Fldb-phinf.pstatic.net%2F20190730_265%2F1564474153340oM3EN_JPEG%2F%25BB%25C7%25B7%25CE%25B7%25CE%25BE%25C6%25C4%25ED%25BE%25C6%25C7%25C3%25B7%25B9%25C0%25CC%25C1%25B8-%252810%2529.jpg"""
140,진저트,"카페,디저트",0.0,76,39,대구 동구 경안로 790-33 1층(각산동),12:00에 영업 시작,0507-1338-4963,,,,"{'디저트가 맛있어요': 66, '친절해요': 50, '매장이 청결해요': 32, '특별한 메뉴가 있어요': 31, '가성비가 좋아요': 26, '커피가 맛있어요': 25, '음료가 맛있어요': 18, '인테리어가 멋져요': 18, '사진이 잘 나와요': 13, '주차하기 편해요': 12, '집중하기 좋아요': 3, '대화하기 좋아요': 3, '뷰가 좋아요': 2, '아늑해요': 1, '선물하기 좋아요': 1, '메뉴 구성이 알차요': 1}",75,"""https://search.pstatic.net/common/?autoRotate=true&type=w560_sharpen&src=https%3A%2F%2Fldb-phinf.pstatic.net%2F20220916_284%2F16632845795746JIkS_JPEG%2F20220913_142157.jpg"""
141,한빵울 반야월점,"카페,디저트",0.0,38,14,대구 동구 경안로 728 1층,09:00에 영업 시작,053-965-9870,,,,"{'디저트가 맛있어요': 20, '친절해요': 15, '음료가 맛있어요': 11, '커피가 맛있어요': 9, '가성비가 좋아요': 9, '주차하기 편해요': 7, '매장이 청결해요': 6, '특별한 메뉴가 있어요': 5, '좌석이 편해요': 3, '인테리어가 멋져요': 3, '음식이 맛있어요': 2, '사진이 잘 나와요': 2, '집중하기 좋아요': 2, '대화하기 좋아요': 2, '읽을만한 책이 많아요': 1, '아늑해요': 1}",38,"""https://search.pstatic.net/common/?autoRotate=true&type=w560_sharpen&src=https%3A%2F%2Fldb-phinf.pstatic.net%2F20230203_191%2F1675397069748OW5Ua_JPEG%2F3.jpg"""
142,엘알마스터디카페 혁신점,스터디카페,0.0,19,5,대구 동구 메디밸리로 13 3층,연중무휴,0507-1309-8961,,,,"{'집중하기 좋아요': 9, '분위기 관리가 철저해요': 5, '좌석이 편해요': 4, '매장이 청결해요': 4, '요금제가 잘 되어있어요': 3, '차분한 분위기에요': 2, '커피가 맛있어요': 2, '친절해요': 2, '가성비가 좋아요': 2, '매장이 넓어요': 2, '룸이 잘 되어있어요': 1, '화장실이 깨끗해요': 1}",17,"""https://search.pstatic.net/common/?autoRotate=true&type=w560_sharpen&src=https%3A%2F%2Fldb-phinf.pstatic.net%2F20220614_229%2F1655171510548rSo7c_JPEG%2FKakaoTalk_20220613_144841233.jpg"""
143,박남수베이커리,베이커리,0.0,49,2,대구 동구 경안로 820 1층 박남수베이커리,07:00에 영업 시작,053-963-7761,,,,"{'빵이 맛있어요': 36, '친절해요': 14, '가성비가 좋아요': 6, '주차하기 편해요': 5, '특별한 메뉴가 있어요': 5, '매장이 청결해요': 4, '대화하기 좋아요': 3, '커피가 맛있어요': 2, '메뉴 구성이 알차요': 2, '차분한 분위기에요': 1, '아늑해요': 1, '디저트가 맛있어요': 1, '음료가 맛있어요': 1, '양이 많아요': 1, '사진이 잘 나와요': 1}",48,"""https://search.pstatic.net/common/?autoRotate=true&type=w560_sharpen&src=https%3A%2F%2Fldb-phinf.pstatic.net%2F20230801_61%2F1690864836917cRaaR_JPEG%2F1690864822930.jpg"""
144,뚜레쥬르 대구혁신도시점,베이커리,4.47,964,5,대구 동구 이노밸리로 166,07:00에 영업 시작,053-963-0453,,,,,,"""https://search.pstatic.net/common/?autoRotate=true&type=w560_sharpen&src=https%3A%2F%2Fldb-phinf.pstatic.net%2F20210106_72%2F1609892145530WzQVO_PNG%2F8_hfbMTE1Wa5P5y89_erZL6Y.png"""
145,토스트카페마리 대구동호점,샌드위치,4.69,205,24,대구 동구 금강로 13,09:00에 영업 시작,053-965-9990,,,,"{'음식이 맛있어요': 107, '재료가 신선해요': 66, '친절해요': 64, '매장이 청결해요': 56, '가성비가 좋아요': 43, '혼밥하기 좋아요': 41, '특별한 메뉴가 있어요': 17, '양이 많아요': 13, '인테리어가 멋져요': 11, '주차하기 편해요': 3, '특별한 날 가기 좋아요': 1, '단체모임 하기 좋아요': 1, '화장실이 깨끗해요': 1, '뷰가 좋아요': 1}",186,"""https://search.pstatic.net/common/?autoRotate=true&type=w560_sharpen&src=https%3A%2F%2Fldb-phinf.pstatic.net%2F20210915_136%2F1631695191613ltRKh_JPEG%2FBRC_-dfCe_dS5WMCuYDKLOEe.jpg"""
146,배스킨라빈스 대구신서,아이스크림,4.55,1450,28,대구 동구 이노밸리로 158 파크원프라자 101호,10:00에 영업 시작,053-962-9955,,,,"{'디저트가 맛있어요': 350, '친절해요': 208, '매장이 청결해요': 175, '음료가 맛있어요': 71, '특별한 메뉴가 있어요': 71, '커피가 맛있어요': 58, '인테리어가 멋져요': 45, '가성비가 좋아요': 37, '좌석이 편해요': 29, '대화하기 좋아요': 17, '사진이 잘 나와요': 16, '주차하기 편해요': 14, '화장실이 깨끗해요': 8, '뷰가 좋아요': 8, '집중하기 좋아요': 3, '음식이 빨리 나와요': 2, '메뉴 구성이 알차요': 2, '포장이 깔끔해요': 2, '종류가 다양해요': 1}",731,"""https://search.pstatic.net/common/?autoRotate=true&type=w560_sharpen&src=https%3A%2F%2Fldb-phinf.pstatic.net%2F20190207_263%2F1549518073913VHxxg_JPEG%2FWzOVG98BAb-9oaMe84QYeDV3.jpg"""
147,파리바게뜨 대구혁신도시점,베이커리,4.41,1238,7,대구 동구 이노밸리로 158,00:00에 영업 시작,0507-1431-5401,,,,,,"""https://search.pstatic.net/common/?autoRotate=true&type=w560_sharpen&src=https%3A%2F%2Fldb-phinf.pstatic.net%2F20231105_44%2F1699193758548FxjNL_JPEG%2FIMG_0023.jpeg"""
148,릴스커피,"카페,디저트",4.13,22,1,대구 동구 안심로59길 26 릴스커피,09:00에 영업 시작,0507-1449-8338,,,,,,"""https://search.pstatic.net/common/?autoRotate=true&type=w560_sharpen&src=https%3A%2F%2Fldb-phinf.pstatic.net%2F20210208_100%2F1612753191326Gi7Cd_JPEG%2FPt53KJKTRtX889KbFect4T7Y.jpg"""
149,몰타 반야월점,"카페,디저트",4.69,140,15,대구 동구 반야월북로 149,02:00에 영업 종료,070-7674-5706,,,,,,"""https://search.pstatic.net/common/?autoRotate=true&type=w560_sharpen&src=https%3A%2F%2Fldb-phinf.pstatic.net%2F20210126_201%2F1611645628223CpXIA_JPEG%2Fc0xDBnThynqIjFDI-YNKMc_r.jpg"""
150,애플트리 반야월점,"키즈카페,실내놀이터",0.0,35,1,대구 동구 안심로 389-2,,053-965-0970,,,,,,
151,태창디앤씨,"카페,디저트",0.0,17,2,대구 동구 이노밸리로36길 17 세원빌딩 109호,09:00에 영업 시작,0507-1441-1501,,,,,,"""https://search.pstatic.net/common/?autoRotate=true&type=w560_sharpen&src=https%3A%2F%2Fldb-phinf.pstatic.net%2F20220811_267%2F1660190863515fRelu_JPEG%2Fimage.jpg"""
152,사람이야기,"카페,디저트",4.77,100,1,대구 동구 동내로 64,,053-961-2893,,,,,,
153,카페루앤비 대구혁신도시점,카페,0.0,18,2,대구 동구 과학로2길 20,11:00에 영업 시작,010-6780-6579,,,,,,"""https://search.pstatic.net/common/?autoRotate=true&type=w560_sharpen&src=https%3A%2F%2Fldb-phinf.pstatic.net%2F20161012_269%2F14762651377924Bde1_JPEG%2F176962586877_0.jpeg"""
154,현스티,"카페,디저트",4.18,151,9,대구 동구 과학로6길 19 1층 현스티카페,10:00에 영업 시작,0507-1491-7551,,,,,,"""https://search.pstatic.net/common/?autoRotate=true&type=w560_sharpen&src=https%3A%2F%2Fldb-phinf.pstatic.net%2F20220924_272%2F1664008439221vGV63_JPEG%2F20220818_132844.jpg"""
155,테라1053,"카페,디저트",4.55,123,29,대구 동구 과학로 84,매주 금요일 휴무,0507-1380-7708,,,,,,"""https://search.pstatic.net/common/?autoRotate=true&type=w560_sharpen&src=https%3A%2F%2Fldb-phinf.pstatic.net%2F20200509_237%2F15890142898388gKkB_JPEG%2FcDrI68ZMy1uzKatiE55UWtuL.jpg"""
156,파리바게뜨 대구숙천점,베이커리,4.3,1194,5,대구 동구 메디밸리로 19,,053-963-5494,,,,,,
157,아모르커피,카페,0.0,73,3,대구 동구 안심로 354,11:00에 영업 시작,,,,,"{'커피가 맛있어요': 22, '음료가 맛있어요': 11, '가성비가 좋아요': 11, '대화하기 좋아요': 7, '디저트가 맛있어요': 6, '친절해요': 3, '특별한 메뉴가 있어요': 2, '매장이 청결해요': 2, '주차하기 편해요': 1, '집중하기 좋아요': 1, '화장실이 깨끗해요': 1}",45,
158,빅핸즈 3호점,"카페,디저트",4.55,503,0,대구 동구 첨단로 120,08:00에 영업 시작,053-670-0952,,,,,,"""https://search.pstatic.net/common/?autoRotate=true&quality=95&type=w750&src=https%3A%2F%2Fldb-phinf.pstatic.net%2F20230519_225%2F1684465348463Mdc74_JPEG%2F45D0D022-A3BB-41C6-9D07-AE31C22BCF8F.jpeg"""
159,던킨 대구혁신점,도넛,4.63,517,15,대구 동구 경안로 855 (각산동) 1층 104호,09:00에 영업 시작,053-719-4048,,,,,,"""https://search.pstatic.net/common/?autoRotate=true&type=w560_sharpen&src=https%3A%2F%2Fldb-phinf.pstatic.net%2F20210903_3%2F1630669800952zjPXt_PNG%2Fimage.png"""
160,멘토즈스터디카페 대구각산역점,장소대여,0.0,16,7,대구 동구 동호로5길 11 2층,연중무휴,0507-1477-4051,,"멘토즈 대구각산역점을 찾아주신 여러분께 감사의 말씀 드립니다.

24시간 운영되는 프리미엄 스터디카페 멘토즈에서
독립적인 공간과 개방적인 공간 구성 및 편안한 시디즈 의자를 배치해 만족스러운 경험을 하실 수 있습니다

> 학습자들을 위한 안락한 인테리어
> 신체공학적 SIDIZ 의자
> 취향에 따라 선택 가능한 다양한 좌석
> 백색소음기, 공기청정기, 가습용품 등 최적의 학습환경
> 사물함, 공용PC, 복합기등 편의시설
> 24시간 CCTV작동
> 최첨단 보안시설
> 무료대여용품 (독서대, 담요, 충전기, 문구류 등)
> 커피, 음료, 간식 무료제공(제빙기)
> 무료 와이파이

찾아주신 모든 분들 멘토즈 대구각산역점 스터디카페에서 원하는 결과를 얻을 수 있기를 바랍니다!",,,,"""https://search.pstatic.net/common/?autoRotate=true&type=w560_sharpen&src=https%3A%2F%2Fldb-phinf.pstatic.net%2F20211018_145%2F1634524470317voUEK_JPEG%2FalX8rUXJXIFp4Lmp8quRd496.jpg"""
161,2022커피앤디저트,"카페,디저트",0.0,159,17,대구 동구 경안로 814 1층,09:00에 영업 시작,053-963-2022,,,,"{'커피가 맛있어요': 88, '디저트가 맛있어요': 64, '음료가 맛있어요': 47, '친절해요': 45, '매장이 청결해요': 39, '대화하기 좋아요': 21, '인테리어가 멋져요': 19, '특별한 메뉴가 있어요': 17, '가성비가 좋아요': 14, '좌석이 편해요': 10, '사진이 잘 나와요': 5, '주차하기 편해요': 4, '화장실이 깨끗해요': 4, '집중하기 좋아요': 3}",156,"""https://search.pstatic.net/common/?autoRotate=true&type=w560_sharpen&src=https%3A%2F%2Fldb-phinf.pstatic.net%2F20220408_125%2F1649384824471NYv8S_JPEG%2F4EB833A2-B82F-4D33-9480-B060FC1B103C.jpeg"""
162,하루스타,"카페,디저트",0.0,11,0,대구 동구 첨복로 33 106호,,,,,,,,
163,생각놀이터,"키즈카페,실내놀이터",0.0,12,0,대구 동구 신서로21길 14,2.13.월,,,,,,,
164,본죽&비빔밥 대구반야월점,죽,0.0,79,1,대구 동구 금강로 16 (동호동) 1층,09:30에 영업 시작,053-965-6288,,,,,,"""https://search.pstatic.net/common/?autoRotate=true&type=w560_sharpen&src=https%3A%2F%2Fldb-phinf.pstatic.net%2F20231019_207%2F1697677586024KdOic_PNG%2Fdo-messenger_screenshot.png"""
165,씨앤지 대구신보점,"카페,디저트",3.66,82,0,대구 동구 첨단로 7,,053-430-4787,,,,,,
166,푸름라이프,"카페,디저트",0.0,11,0,대구 동구 첨단로8길 32,6.5.월,,,,,,,
167,다이얼로그,카페,0.0,10,0,대구 동구 동호로 38-1,22.2.27.일,070-8122-2423,,,,,,"""https://search.pstatic.net/common/?autoRotate=true&type=w560_sharpen&src=https%3A%2F%2Fldb-phinf.pstatic.net%2F20150901_177%2F1441037596156L2Ip9_JPEG%2FSUBMIT_1277279364878_13443873.jpg"""
